UserPoNumber,JobPrice,PostDate,PostTime,QLNumber,PickStreet,PickCity,PickStation,PickState,PickZip,DropStreet,DropCity,DropState,DropZip,ShipmentTypeName,StatusTypeName,CarrierName,ShipperName,DriverName,ShipperCharges,QuickloadCharges,QLCommission,CarrierPayment,QuotePrice,ContainerNumber,ContainerSize,ContainerSizeUnit,ContainerWidth,ContainerHeight,ContainerLength,ContainerMaxPayLoad,ContainerType,ContainerQuantity,POD_Loaded,LoadType,MaterialType,PalletsQuantity,PalletHeight,PalletWidth,PalletLength,PalletUnitTypeId,TotalWeight,WeightUnitTypeId,PickDate,PickTime,ActualPickDate,ActualPickTime,DropDate,DropTime,ActualDropDate,ActualDropTime,PickContactName,PickContactPhone,DropContactName,DropContactPhone,Instructions
PO-1876,$335.29,31/08/2017,07:06 AM EST,UCTSU0Y,2792 NW 24th St,Miami,Port of Miami,FL,33142,96 Bald Hill St.,Richardson,TX,75080,Partial,Paid,DMS Logistics Inc,BOS Global LLC,Weymar Marenco,$335.29,$36.00,$19.00,$285.29,$293.00,,,,,,,,,,0,Pallet,TILES,20,60,48,40,1,"38,000",Lbs,31/08/2017,02:59 AM EST,,,31/08/2017,06:59 AM EST,,,Amare Hubbard,(330) 283-8263,Thomas Yates,(824) 449-2286,Someone wronged you? Forgive them
PO-1709,$100.00,30/12/2016,12:35 PM EST,QGB56RS,2792 NW 24th St,Miami,Port of Miami,FL,33142,266 Forest Rd.,Pensacola,FL,32503,Partial,Cancelled,xyz trucking,Shipper 01,Alexander Iuspa,$100.00,$36.00,$17.00,$100.00,$100.00,,,,,,,,,,0,Pallet,tile,10,60,48,40,1,"1,000",Lbs,30/12/2016,05:30 AM EST,,,30/12/2016,07:30 AM EST,,,Frida Davies,(460) 555-9943,Ada Stephenson,(700) 927-7748,See someone struggling with lots of bags? Offer to help them
PO-1875,$295.00,30/08/2017,08:51 AM EST,TW3JMLO,2792 NW 24th St,Miami,Port of Miami,FL,33142,7477 Second St.,Sugar Land,TX,77478,Full,Paid,BOS Cargo,SUNGATE STONE LLC,Alexander Iuspa,$295.00,$45.00,$17.00,$300.00,$549.00,,,,,,,,,,0,Pallet,marble,16,60,48,40,1,"45,000",Lbs,31/08/2017,02:59 AM EST,,,31/08/2017,06:59 AM EST,,,John Cabrera,(434) 347-4009,Kamden Bates,(589) 186-8120,Leave someone flowers anonymously
PO-1683,$300.00,29/11/2016,10:49 AM EST,5XTE48C,2792 NW 24th St,Miami,Port of Miami,FL,33142,7084 Creekside St.,Sebastian,FL,32958,Full,Paid,Papo's Hauling Inc,Bos warehouse,Hiram Vazquez,$300.00,$39.00,$13.00,$300.00,$300.00,,,,,,,,,,0,Pallet,tiles/pavers,15,60,48,40,1,"45,000",Lbs,29/11/2016,05:44 AM EST,,,29/11/2016,10:00 AM EST,,,Hudson Duncan,(490) 548-4729,Vance Rosales,(617) 442-4302,We all need help sometimes; offer someone a helping hand
PO-1790,$2.00,29/06/2017,04:59 PM EST,84BUIFI,3337 FL-84,Davie,,FL,33324,3337 FL-84,Davie,FL,33324,Container,Cancelled,DMS Logistics Inc,AlexShipper,Alexander Iuspa,$2.00,$67.00,$17.00,$2.00,$629.00,EXRM8465511,20,Ft,,,,,Dry,,0,4,,1,0,0,0,2, , ,29/06/2017,02:59 AM EST,,,29/06/2017,06:59 AM EST,,,Conor Robinson,(391) 873-1958,Jocelyn Shannon,(562) 908-9901,What was the person thinking when they discovered cow’s milk was fine for human consumption… and why did they do it in the first place!?
PO-1792,$2.00,29/06/2017,04:59 PM EST,84BUIFI,3337 FL-84,Davie,,FL,33324,3337 FL-84,Davie,FL,33324,Container,Cancelled,AlexCarrierBest,AlexShipper,Hiram Vazquez,$2.00,$32.00,$20.00,$2.00,$629.00,BNIB3837398,40,Ft,,,,,Flat Rack,,0,4,,1,0,0,0,2, , ,29/06/2017,02:59 AM EST,,,29/06/2017,06:59 AM EST,,,Ashlyn Jacobs,(457) 624-5490,Alissa Ortega,(209) 777-3676,The body may perhaps compensates for the loss of a true metaphysics.
PO-1785,$220.00,29/06/2017,03:21 PM EST,WC7ITV8,1850 Eller Dr,Fort Lauderdale,Port Everglades,FL,33316,8022 Brandywine Drive,Ormond Beach,FL,32174,Container,Paid,DMS Logistics Inc,Royalstone,Luis Enrique Molina,$220.00,$37.00,$10.00,$187.00,$500.00,LHTW8156079,20,Ft,,,,,Open Top,,1,Container,,1,9.6,8,20,2, , ,06/07/2017,02:59 AM EST,,,06/07/2017,06:59 AM EST,,,Monserrat Anderson,(485) 381-8157,Reese Calderon,(707) 199-2810,"Italy is my favorite country; in fact, I plan to spend two weeks there next year."
PO-1788,$220.00,29/06/2017,03:21 PM EST,WC7ITV8,1850 Eller Dr,Fort Lauderdale,Port Everglades,FL,33316,1850 Eller Dr,Fort Lauderdale,FL,33316,Container,Paid,xyz trucking,Royalstone,Hakki Ozdamar,$220.00,$33.00,$18.00,$187.00,$500.00,OQMU3113220,40,Ft,,,,,Tunnel,,1,Container,,1,9.6,8,20,2, , ,06/07/2017,02:59 AM EST,,,06/07/2017,06:59 AM EST,,,Natalya Frederick,(435) 235-8564,Cristina Finley,(677) 329-0870,"He ran out of money, so he had to stop playing poker."
PO-1789,$2.00,29/06/2017,04:59 PM EST,84BUIFI,131 NW 107th Ave,Miami,Port of Miami,FL,33172,131 NW 107th Ave,Miami,FL,33172,Container,Cancelled,BOS Cargo,AlexShipper,Hiram Vazquez,$2.00,$43.00,$12.00,$2.00,$629.00,DTWK5435887,20,Ft,,,,,Side Open,,0,4,,1,9.6,8,20,2, , ,29/06/2017,02:59 AM EST,,,29/06/2017,06:59 AM EST,,,Yosef Beltran,(653) 889-8886,Yadiel Silva,(154) 799-9139,I want to buy a onesie… but know it won’t suit me.
PO-1791,$2.00,29/06/2017,04:59 PM EST,84BUIFI,131 NW 107th Ave,Miami,Port of Miami,FL,33172,131 NW 107th Ave,Miami,FL,33172,Container,Cancelled,BOS Cargo,AlexShipper,Alexander Iuspa,$2.00,$30.00,$11.00,$2.00,$629.00,DRBI671378,40,Ft,,,,,Refrigerated ISO,,0,4,,1,9.6,8,20,2, , ,29/06/2017,02:59 AM EST,,,29/06/2017,06:59 AM EST,,,Ella Wilkerson,(387) 408-6704,Gianni Myers,(541) 716-6003,The quick brown fox jumps over the lazy dog.
PO-1786,$220.00,29/06/2017,03:21 PM EST,WC7ITV8,5491 NW 72nd Ave,Miami,Port of Miami,FL,33166,716 Glen Creek Street,The Villages,FL,32162,Container,Paid,DMS Logistics Inc,Royalstone,Alexander Iuspa,$220.00,$25.00,$18.00,$187.00,$500.00,CEFA9043838,20,Ft,,,,,Thermal,,1,Container,,1,0,0,0,2, , ,05/07/2017,02:59 AM EST,,,05/07/2017,06:59 AM EST,,,Weston Fuller,(156) 577-5848,Marisa Page,(335) 123-0894,I currently have 4 windows open up… and I don’t know why.
PO-1787,$220.00,29/06/2017,03:21 PM EST,WC7ITV8,5491 NW 72nd Ave,Miami,Port of Miami,FL,33166,242 E. Green Hill Street,Bonita Springs,FL,34135,Container,Paid,DMS Logistics Inc,Royalstone,Walter Saldana,$220.00,$66.00,$10.00,$187.00,$500.00,UHZZ9347090,40,Ft,,,,,Tank,,1,Container,,1,0,0,0,2, , ,05/07/2017,02:59 AM EST,,,05/07/2017,06:59 AM EST,,,Cristina Finley,(224) 688-1557,Semaj Chang,(188) 405-5944,The shooter says goodbye to his love.
PO-1708,$300.00,28/12/2016,11:44 AM EST,F4UCF5I,2792 NW 24th St,Miami,Port of Miami,FL,33142,7904 Franklin Dr.,Cantonment,FL,32533,Partial,Proof Of Delivery,National Drayage Services LLC,Bos warehouse,Hiram Vazquez,$300.00,$56.00,$10.00,$300.00,$300.00,,,,,,,,,,1,Pallet,tiles/pavers,21,31,45,28,1,"47,628",Lbs,28/12/2016,06:44 AM EST,,,28/12/2016,08:44 AM EST,,,Armando Patel,(392) 515-8079,Denise Lee,(267) 678-3639,Google 'survey for charity' and complete one. They receive money for every one you fill out!
PO-1867,$219.00,28/07/2017,03:56 PM EST,GY49FGD,2792 NW 24th St,Miami,Port of Miami,FL,33142,991 County Dr.,Rocklin,CA,95677,Partial,Cancelled,DMS Logistics Inc,Marianna Shipping Co,Walter Saldana,$219.00,$53.00,$18.00,$186.00,$219.00,,,,,,,,,,0,Pallet,marble,10,60,48,40,1,"300,000",Lbs,01/08/2017,02:59 AM EST,,,01/08/2017,06:59 AM EST,,,Kamden Bates,(481) 431-2619,Dominic Rowe,(199) 263-7968,Fight climate change – go vegetarian for today!
PO-1735,$400.00,28/02/2017,06:22 PM EST,4KY5J80,2792 NW 24th St,Miami,Port of Miami,FL,33142,9295 Bridgeton Dr.,Melbourne,FL,32904,Partial,Cancelled,AlexCarrierBest,Test QL,Alexander Iuspa,$400.00,$64.00,$18.00,$340.00,$400.00,,,,,,,,,,0,Pallet,,12,60,48,40,1,"1,300",Lbs,01/03/2017,05:59 AM EST,,,01/03/2017,08:59 AM EST,,,Hadley Wang,(155) 894-0478,Maximus Reese,(584) 815-8678,Pick up somebody else’ tab next time you go for a coffee
PO-1879,$50.00,27/09/2017,07:38 AM EST,4M9FT7D,2792 NW 24th St,Miami,Port of Miami,FL,33142,90 N. Water Ave.,Colonial Heights,VA,23834,Partial,Paid,BOS Cargo,BOS Global LLC,Maikol Aldana,$50.00,$36.00,$13.00,$50.00,$69.00,,,,,,,,,,0,Pallet,,1,0,0,0,1,"1,300",Lbs,27/09/2017,02:59 AM EST,,,27/09/2017,06:59 AM EST,,,Elisabeth Mullen,(899) 895-0913,Odin Elliott,(296) 502-8441,Go the day without complaining
PO-1880,$275.00,27/09/2017,08:42 AM EST,BOKL7JO,2792 NW 24th St,Miami,Port of Miami,FL,33142,8600 W. Spring Court,Ashburn,VA,20147,Partial,Paid,BOS Cargo,BOS Global LLC,Alexander Iuspa,$275.00,$43.00,$17.00,$275.00,$322.00,,,,,,,,,,0,Pallet,PAVERS,7,60,48,40,1,"11,746",Lbs,27/09/2017,02:59 AM EST,,,27/09/2017,06:59 AM EST,,,Atticus Dennis,(202) 988-7083,Piper Blankenship,(358) 325-4872,Answer the phone in a cheerful voice – even if it is a sales person
PO-1866,$950.00,27/07/2017,03:07 PM EST,OXQFI0M,2792 NW 24th St,Miami,Port of Miami,FL,33142,29 Longfellow Street,Glendora,CA,91740,Full,Paid,AlexCarrierBest,BOS Global LLC,Chico Mendez,$950.00,$72.00,$20.00,$850.00,$120.00,,,,,,,,,,0,Pallet,WAX CRAYONS,3,,,,1,500,Lbs,27/07/2017,02:59 AM EST,,,27/07/2017,12:59 PM EST,,,Darion Washington,(940) 809-6707,Elle Aguirre,(360) 779-3281,Give up your seat on the tube/bus
PO-1865,$225.00,27/07/2017,09:32 AM EST,0BR8YKP,2792 NW 24th St,Miami,Port of Miami,FL,33142,8262 Blackburn St.,Santa Monica,CA,90403,Partial,Paid,DMS Logistics Inc,Bos Group,Hiram Vazquez,$225.00,$72.00,$15.00,$191.00,$58.00,,,,,,,,,,1,2,,20,0,0,0,1,"2,000",Lbs,27/07/2017,11:29 AM EST,,,27/07/2017,12:59 PM EST,,,Stephany Rose,(876) 381-7662,Taryn Quinn,(313) 493-7460,Buy someone a coffee
PO-1742,$100.00,27/03/2017,10:21 AM EST,TE6LE1I,2792 NW 24th St,Miami,Port of Miami,FL,33142,579B Clark Ave.,Stuart,FL,34997,Partial,Paid,Vanyoska Transport Inc.,Jesus Inc.,Walter Saldana,$100.00,$61.00,$14.00,$85.00,$100.00,,,,,,,,,,1,Pallet,,5,0,0,0,1,"2,500",Lbs,28/03/2017,09:59 AM EST,,,28/03/2017,01:59 PM EST,,,Jasmin Melendez,(498) 602-6271,Madden Cooley,(304) 789-1044,Be someone’s shoulder to cry on
PO-1743,$1.00,27/03/2017,07:38 PM EST,FWQNYTJ,2792 NW 24th St,Miami,Port of Miami,FL,33142,7904 Franklin Dr.,Cantonment,FL,32533,Partial,Cancelled,DMS Logistics Inc,marianna shipper,Weymar Marenco,$1.00,$51.00,$14.00,$1.00,$1.00,,,,,,,,,,0,Pallet,tiles,1,60,48,40,1,500,Lbs,28/03/2017,02:59 AM EST,,,28/03/2017,06:59 AM EST,,,Cherish Choi,(174) 765-5243,Kianna Abbott,(583) 736-4095,Forgive someone who has wronged you
PO-1744,$1.00,27/03/2017,07:43 PM EST,IPXXUQR,2792 NW 24th St,Miami,Port of Miami,FL,33142,266 Forest Rd.,Pensacola,FL,32503,Partial,Completed,Troy Transport LLC,marianna shipper,Alexander Iuspa,$1.00,$38.00,$18.00,$1.00,$1.00,,,,,,,,,,0,Pallet,tiles,1,60,48,40,1,200,Lbs,29/03/2017,02:59 AM EST,,,29/03/2017,06:59 AM EST,,,Angelica Pitts,(637) 942-4583,Frank Conner,(243) 947-1757,Start the day right – make breakfast for everyone
PO-1745,$1.00,27/03/2017,08:05 PM EST,N15ND3M,2792 NW 24th St,Miami,Port of Miami,FL,33142,93 Fieldstone Circle,Orange Park,FL,32065,Partial,Completed,AlexCarrierBest,marianna shipper,Alexander Iuspa,$1.00,$65.00,$12.00,$1.00,$1.00,,,,,,,,,,0,Pallet,food,2,60,48,40,1,"4,600",Lbs,27/03/2017,02:59 AM EST,,,27/03/2017,06:59 AM EST,,,Brodie Woodward,(552) 323-6730,Seth Patrick,(636) 191-5994,Surprise your parents with flowers
PO-1732,$75.00,27/02/2017,01:43 PM EST,H7J7VWS,2792 NW 24th St,Miami,Port of Miami,FL,33142,7 S. Lantern St.,Fort Lauderdale,FL,33308,Partial,Paid,AlexCarrierBest,Polymersan LLC,Walter Saldana,$75.00,$64.00,$11.00,$63.75,$75.00,,,,,,,,,,1,Pallet,,3,60,48,40,1,"6,000",Lbs,28/02/2017,06:59 AM EST,,,28/02/2017,09:59 AM EST,,,Manuel Bartlett,(179) 725-5160,Jase Bentley,(357) 312-7490,Save water – take a shorter shower today
PO-1733,$75.00,27/02/2017,02:42 PM EST,C17N2SW,2792 NW 24th St,Miami,Port of Miami,FL,33142,52 Edgefield Rd.,Satellite Beach,FL,32937,Partial,Cancelled,AlexCarrierBest,Test 03,Alexander Iuspa,$75.00,$53.00,$16.00,$63.75,$75.00,,,,,,,,,,0,Pallet,,3,60,48,40,1,"6,000",Lbs,28/02/2017,06:59 AM EST,,,28/02/2017,09:59 AM EST,,,Ruby Pierce,(841) 465-6617,Kasey Collins,(119) 507-6096,Go out of your way to thank someone today!
PO-1734,$1.00,27/02/2017,05:34 PM EST,LAPGCXS,2792 NW 24th St,Miami,Port of Miami,FL,33142,854 New Saddle Drive,Fernandina Beach,FL,32034,Partial,Cancelled,Papo's Hauling Inc,Test QL,Alexander Iuspa,$1.00,$64.00,$20.00,$0.85,$1.00,,,,,,,,,,0,Pallet,,12,60,48,40,1,"12,000",Lbs,28/02/2017,12:59 AM EST,,,28/02/2017,07:59 AM EST,,,Alexandra Cruz,(190) 881-8925,Issac Galvan,(230) 701-1116,Send flowers to a friend or a family member!
PO-1878,$75.00,26/09/2017,09:09 AM EST,JEBCK3O,2792 NW 24th St,Miami,Port of Miami,FL,33142,448 Market Street,Roy,UT,84067,Partial,Paid,DMS Logistics Inc,BOS Global LLC,Walter Saldana,$75.00,$66.00,$18.00,$75.00,$155.00,,,,,,,,,,0,Pallet,,8,0,0,0,1,"16,000",Lbs,26/09/2017,02:59 AM EST,,,26/09/2017,12:59 PM EST,,,Fisher Wilkins,(870) 642-4102,Kameron Zamora,(616) 255-9501,Remember to turn the lights off when you leave a room!
PO-1769,$1.00,26/06/2017,08:47 AM EST,SPNP3X0,3337 FL-84,Davie,,FL,33324,854 New Saddle Drive,Fernandina Beach,FL,32034,Container,Cancelled,South Florida Express LLC dot #2462628,AlexShipper,Walter Saldana,$1.00,$72.00,$10.00,$1.00,"$2,477.00",SIBL3938154,20,Ft,,,,,Car Carrier,,0,Container,,1,9.6,8,40,2, , ,27/06/2017,02:59 AM EST,,,27/06/2017,06:59 AM EST,,,Enzo Roberson,(354) 836-8400,Sage Lester,(646) 942-6940,The book is in front of the table.
PO-1771,$1.00,26/06/2017,08:47 AM EST,SPNP3X0,3337 FL-84,Davie,,FL,33324,81 Atlantic Ave.,Cocoa,FL,32927,Container,Cancelled,DMS Logistics Inc,AlexShipper,Walter Saldana,$1.00,$27.00,$18.00,$1.00,"$2,477.00",NILQ9345581,40,Ft,,,,,Half Height,,0,Container,,1,9.6,8,40,2, , ,27/06/2017,06:59 AM EST,,,27/06/2017,12:59 PM EST,,,Kristina Allison,(773) 256-7369,Corey Mckee,(734) 122-2313,If you like tuna and tomato sauce- try combining the two. It’s really not as bad as it sounds.
PO-1773,$1.00,26/06/2017,08:47 AM EST,SPNP3X0,3337 FL-84,Davie,,FL,33324,750 Ridge Court,Lady Lake,FL,32159,Container,Cancelled,AlexCarrierBest,AlexShipper,Alexander Iuspa,$1.00,$25.00,$12.00,$1.00,"$2,477.00",WWMD2132025,20,Ft,,,,,Dry,,0,Container,,1,9.6,8,40,2, , ,28/06/2017,02:59 AM EST,,,28/06/2017,06:59 AM EST,,,Carl Villa,(717) 415-0269,Mathew Fleming,(143) 948-9102,She advised him to come back at once.
PO-1775,$1.00,26/06/2017,08:47 AM EST,SPNP3X0,3337 FL-84,Davie,,FL,33324,522 Peachtree Street,Lake Worth,FL,33460,Container,Paid,"Atlantic Good Service, Inc.",AlexShipper,Walter Saldana,$1.00,$35.00,$18.00,$1.00,"$2,477.00",XQCC2074067,40,Ft,,,,,Flat Rack,,1,Container,,1,9.6,8,40,2, , ,28/06/2017,06:59 AM EST,,,28/06/2017,12:59 PM EST,,,Alissa Ortega,(225) 450-7227,Macey Cole,(446) 803-9708,The sky is clear; the stars are twinkling.
PO-1777,$1.00,26/06/2017,08:47 AM EST,SPNP3X0,3337 FL-84,Davie,,FL,33324,579B Clark Ave.,Stuart,FL,34997,Container,Cancelled,WESTERN REGIONAL DELIVERY SERVICE,AlexShipper,Roque Hernandez,$1.00,$29.00,$11.00,$1.00,"$2,477.00",HXGS1443044,20,Ft,,,,,Open Top,,0,Container,,1,9.6,8,40,2, , ,29/06/2017,02:59 AM EST,,,29/06/2017,06:59 AM EST,,,Adalyn Doyle,(879) 144-0843,Kamila Sanchez,(114) 256-6537,"There was no ice cream in the freezer, nor did they have money to go to the store."
PO-1779,$1.00,26/06/2017,08:47 AM EST,SPNP3X0,3337 FL-84,Davie,,FL,33324,266 Forest Rd.,Pensacola,FL,32503,Container,Cancelled,AlexCarrierBest,AlexShipper,Maikol Aldana,$1.00,$43.00,$12.00,$1.00,"$2,477.00",FGFN2297150,40,Ft,,,,,Tunnel,,0,Container,,1,9.6,8,40,2, , ,30/06/2017,04:59 AM EST,,,30/06/2017,05:59 AM EST,,,Lana Mcpherson,(822) 589-4265,Jordin Zimmerman,(735) 861-9650,"She works two jobs to make ends meet; at least, that was her reason for not having time to join us."
PO-1770,$1.00,26/06/2017,08:47 AM EST,SPNP3X0,3405 W Flagler St,Miami,Port of Miami,FL,33174,9295 Bridgeton Dr.,Melbourne,FL,32904,Container,Cancelled,DMS Logistics Inc,AlexShipper,Hiram Vazquez,$1.00,$42.00,$12.00,$1.00,"$2,477.00",HJNM6440897,20,Ft,,,,,Side Open,,0,Container,,1,0,0,0,2, , ,27/06/2017,02:59 AM EST,,,27/06/2017,06:59 AM EST,,,Haylee Schaefer,(319) 223-3246,Aron Arias,(530) 351-6349,I want more detailed information.
PO-1772,$1.00,26/06/2017,08:47 AM EST,SPNP3X0,3405 W Flagler St,Miami,Port of Miami,FL,33174,45 N. Market St.,Oviedo,FL,32765,Container,Cancelled,xyz trucking,AlexShipper,Jose Hernandez,$1.00,$50.00,$13.00,$1.00,"$2,477.00",APKH6376706,40,Ft,,,,,Refrigerated ISO,,0,Container,,1,0,0,0,2, , ,27/06/2017,06:59 AM EST,,,27/06/2017,12:59 PM EST,,,Yahir Marquez,(387) 357-7445,Jasiah Barker,(807) 282-9677,The stranger officiates the meal.
PO-1774,$1.00,26/06/2017,08:47 AM EST,SPNP3X0,3405 W Flagler St,Miami,Port of Miami,FL,33174,9498 Race St.,Palm Beach Gardens,FL,33410,Container,Cancelled,Vito Transport Inc.,AlexShipper,Weymar Marenco,$1.00,$64.00,$17.00,$1.00,"$2,477.00",LNOF2353776,20,Ft,,,,,Thermal,,0,Container,,1,0,0,0,2, , ,28/06/2017,02:59 AM EST,,,28/06/2017,06:59 AM EST,,,Jared Hoover,(190) 587-3673,Paula Pacheco,(992) 517-3164,A glittering gem is not enough.
PO-1776,$1.00,26/06/2017,08:47 AM EST,SPNP3X0,3405 W Flagler St,Miami,Port of Miami,FL,33174,98 Glenlake St.,North Miami Beach,FL,33160,Container,Paid,Trust Transport LLC,AlexShipper,Kelvin Sanchez,$1.00,$72.00,$19.00,$1.00,"$2,477.00",JZKC3890003,40,Ft,,,,,Tank,,1,Container,,1,0,0,0,2, , ,28/06/2017,06:59 AM EST,,,28/06/2017,12:59 PM EST,,,Donovan Rios,(897) 286-0544,Jamie Klein,(418) 268-9676,"It was getting dark, and we weren’t there yet."
PO-1778,$1.00,26/06/2017,08:47 AM EST,SPNP3X0,3405 W Flagler St,Miami,Port of Miami,FL,33174,7904 Franklin Dr.,Cantonment,FL,32533,Container,Cancelled,DMS Logistics Inc,AlexShipper,Walter Saldana,$1.00,$70.00,$10.00,$1.00,"$2,477.00",OFDO4996296,20,Ft,,,,,Car Carrier,,0,Container,,1,0,0,0,2, , ,29/06/2017,02:59 AM EST,,,29/06/2017,06:59 AM EST,,,Lucia Graham,(317) 841-4741,Aileen Dunlap,(149) 160-5047,Rock music approaches at high velocity.
PO-1780,$1.00,26/06/2017,08:47 AM EST,SPNP3X0,3405 W Flagler St,Miami,Port of Miami,FL,33174,93 Fieldstone Circle,Orange Park,FL,32065,Container,Cancelled,DMS Logistics Inc,AlexShipper,Walter Saldana,$1.00,$38.00,$10.00,$1.00,"$2,477.00",MYAK8464489,40,Ft,,,,,Half Height,,0,Container,,1,0,0,0,2, , ,30/06/2017,04:59 AM EST,,,30/06/2017,05:59 AM EST,,,Byron Gillespie,(593) 946-3839,Rafael Sharp,(623) 778-9130,I was very proud of my nickname throughout high school but today- I couldn’t be any different to what my nickname was.
PO-1781,$1.00,26/06/2017,10:53 AM EST,J8JB1P8,901 S America Way,Miami,Port of Miami,FL,33132,8104 Ocean St.,Miami Beach,FL,33139,Container,Cancelled,AlexCarrierBest,Test co.,Alexander Iuspa,$1.00,$73.00,$11.00,$1.00,$404.00,VZTW7227896,20,Ft,,,,,Dry,,0,Container,,1,9.6,8,45,2, , ,27/06/2017,02:59 AM EST,,,27/06/2017,06:59 AM EST,,,Heidi Johnson,(338) 829-9031,Gunnar Cross,(491) 457-6065,"I really want to go to work, but I am too sick to drive."
PO-1782,$1.00,26/06/2017,10:53 AM EST,J8JB1P8,2385 Biscayne Blvd,Miami,Port of Miami,FL,33137,7303 S. Homestead Drive,Port Charlotte,FL,33952,Container,Cancelled,Trust Transport LLC,Test co.,Alexander Iuspa,$1.00,$31.00,$14.00,$1.00,$404.00,JTVN4174438,40,Ft,,,,,Flat Rack,,0,Container,,1,0,0,0,2, , ,27/06/2017,02:59 AM EST,,,27/06/2017,06:59 AM EST,,,Rodrigo Wilkinson,(229) 594-7261,Daisy Gamble,(207) 948-6249,My Mum tries to be cool by saying that she likes all the same things that I do.
PO-1783,$2.00,26/06/2017,10:53 AM EST,J8JB1P8,901 S America Way,Miami,Port of Miami,FL,33132,8369 North Smoky Hollow Street,Palm Coast,FL,32137,Container,Cancelled,AlexCarrierBest,Test co.,Andy Luis,$2.00,$47.00,$13.00,$2.00,$404.00,KWYQ9057339,20,Ft,,,,,Open Top,,0,Container,,1,9.6,8,45,2, , ,27/06/2017,02:59 AM EST,,,27/06/2017,12:59 PM EST,,,Ahmed Baird,(310) 938-0519,Leandro Salas,(425) 252-6405,The river stole the gods.
PO-1784,$2.00,26/06/2017,10:53 AM EST,J8JB1P8,2385 Biscayne Blvd,Miami,Port of Miami,FL,33137,18 W. Locust Ave.,Stuart,FL,34997,Container,Cancelled,Vito Transport Inc.,Test co.,Alexander Iuspa,$2.00,$59.00,$20.00,$2.00,$404.00,XKCO9773978,40,Ft,,,,,Tunnel,,0,Container,,1,0,0,0,2, , ,27/06/2017,06:59 AM EST,,,27/06/2017,12:59 PM EST,,,Daisy Gamble,(831) 590-8232,Darion Washington,(528) 989-4721,The mysterious diary records the voice.
PO-1747,$330.00,26/04/2017,08:23 AM EST,40HJXMP,2792 NW 24th St,Miami,Port of Miami,FL,33142,7303 S. Homestead Drive,Port Charlotte,FL,33952,Partial,Paid,AlexCarrierBest,SUNGATE STONE LLC,Hiram Vazquez,$330.00,$73.00,$16.00,$280.00,$330.00,,,,,,,,,,1,Pallet,travertien,14,60,48,40,1,"2,800",Lbs,26/04/2017,02:59 AM EST,,,26/04/2017,12:59 PM EST,,,Alfonso Wiggins,(479) 506-9428,Zoe Chandler,(660) 696-4743,Help an elderly person cross the road or up the stairs
PO-1877,$100.00,25/09/2017,11:30 AM EST,FA32KFQ,2792 NW 24th St,Miami,Port of Miami,FL,33142,7138 S. Baker Ave.,Forney,TX,75126,Partial,Paid,DMS Logistics Inc,BOS Global LLC,Joe Wheller,$100.00,$54.00,$13.00,$85.00,$58.00,,,,,,,,,,1,Pallet,,1,0,0,0,1,400,Lbs,25/09/2017,06:59 AM EST,,,25/09/2017,12:59 PM EST,,,Emely Henderson,(613) 178-6571,Turner Martin,(641) 417-7862,Bake something for your family/friends
PO-1873,$197.00,24/08/2017,11:03 AM EST,PJKNTOR,2792 NW 24th St,Miami,Port of Miami,FL,33142,54 Edgewood Road,San Angelo,TX,76901,Partial,Cancelled,DMS Logistics Inc,Marianna Shipping Co,Alexander Iuspa,$197.00,$37.00,$14.00,$167.00,$197.00,,,,,,,,,,0,Pallet,Tile,5,60,48,40,1,"12,000",Lbs,25/08/2017,02:59 AM EST,,,25/08/2017,12:59 PM EST,,,Gianni Myers,(596) 999-2770,Slade Nixon,(999) 309-7439,We all love surprises! Buy someone an unexpected gift
PO-1874,$70.00,24/08/2017,11:09 AM EST,BUOE1V5,2792 NW 24th St,Miami,Port of Miami,FL,33142,9142 Winding Way Lane,Corpus Christi,TX,78418,Partial,Cancelled,AlexCarrierBest,Marianna Shipping Co,Joe Wheller,$70.00,$26.00,$16.00,$59.00,$46.00,,,,,,,,,,0,Pallet,,1,0,0,0,1,"1,200",Lbs,28/08/2017,02:59 AM EST,,,28/08/2017,12:59 PM EST,,,Maia Terrell,(783) 467-2892,Sierra Singleton,(281) 166-9674,Save water – turn the tap off when brushing your teeth!
PO-1872,$225.00,24/08/2017,09:11 AM EST,BQT5017,2792 NW 24th St,Miami,Port of Miami,FL,33142,574 Paris Hill Ave.,Rocklin,CA,95677,Partial,Paid,AlexCarrierBest,Bos Group,John Martinez,$225.00,$52.00,$15.00,$250.00,$225.00,,,,,,,,,,1,3,slabs,10,,,,1,"22,000",Lbs,24/08/2017,02:59 AM EST,,,24/08/2017,06:59 AM EST,,,Selah Hooper,(939) 590-8276,Reagan Blevins,(286) 765-5750,Empty your wallet for charity
PO-1761,$1.00,23/06/2017,05:14 PM EST,U6AYNKX,3337 FL-84,Davie,,FL,33324,445 Rockaway Court,Satellite Beach,FL,32937,Container,Paid,DMS Logistics Inc,AlexShipper,Alexander Iuspa,$1.00,$37.00,$15.00,$1.00,$826.00,LBDM1554142,20,Ft,,,,,Side Open,,0,Container,,1,9.6,8,40,2, , ,25/06/2017,06:59 AM EST,,,25/06/2017,12:59 PM EST,,,Adonis Salinas,(153) 504-1060,Isabell Kemp,(182) 841-7820,Taking public transport? Offer your seat to someone else
PO-1763,$1.00,23/06/2017,05:14 PM EST,U6AYNKX,3337 FL-84,Davie,,FL,33324,7463 Poor House Street,Stuart,FL,34997,Container,Paid,BOS Cargo,AlexShipper,Walter Saldana,$1.00,$55.00,$11.00,$1.00,$826.00,ZMAT8820993,40,Ft,,,,,Refrigerated ISO,,0,Container,,1,9.6,8,40,2, , ,26/06/2017,06:59 AM EST,,,26/06/2017,12:29 PM EST,,,Mariah Carpenter,(368) 320-0072,Ciara Flynn,(164) 398-0634,Sometimes it is better to just walk away from things and go back to them later when you’re in a better frame of mind.
PO-1762,$1.00,23/06/2017,05:14 PM EST,U6AYNKX,3405 W Flagler St,Miami,Port of Miami,FL,33174,90 Gregory Rd.,New Port Richey,FL,34653,Container,Paid,Papo's Hauling Inc,AlexShipper,Walter Saldana,$1.00,$46.00,$19.00,$1.00,$826.00,HEQH2851881,20,Ft,,,,,Thermal,,0,Container,,1,0,0,0,2, , ,23/06/2017,02:59 AM EST,,,23/06/2017,06:59 AM EST,,,Uriah Knapp,(374) 669-6025,Maliyah Acevedo,(506) 305-0168,He told us a very exciting adventure story.
PO-1764,$1.00,23/06/2017,05:14 PM EST,U6AYNKX,3405 W Flagler St,Miami,Port of Miami,FL,33174,2 La Sierra St.,Winter Garden,FL,34787,Container,Paid,xyz trucking,AlexShipper,Yusmany Felipe,$1.00,$51.00,$10.00,$1.00,$826.00,HNLR838803,40,Ft,,,,,Tank,,0,Container,,1,0,0,0,2, , ,23/06/2017,02:59 AM EST,,,23/06/2017,06:59 AM EST,,,Angelique Fernandez,(458) 233-4683,Morgan Esparza,(442) 697-0944,"I think I will buy the red car, or I will lease the blue one."
PO-1765,$1.00,23/06/2017,05:28 PM EST,U9757TU,2001 Biscayne Blvd,Miami,Port of Miami,FL,33137,265 Peachtree Street,Winter Garden,FL,34787,Container,Cancelled,DMS Logistics Inc,Test co.,Walter Saldana,$1.00,$64.00,$13.00,$1.00,$420.00,LMGF4430034,40,Ft,,,,,Car Carrier,,0,Container,,1,9.6,8,45,2, , ,26/06/2017,02:59 AM EST,,,26/06/2017,06:59 AM EST,,,Stacy Chan,(485) 991-0536,Julian Mathis,(171) 355-9905,I'd rather be a bird than a fish.
PO-1766,$1.00,23/06/2017,05:27 PM EST,U9757TU,2792 NW 24th St,Miami,Port of Miami,FL,33142,7203 Lookout Drive,Fleming Island,FL,32003,Container,Cancelled,AlexCarrierBest,Test co.,Walter Saldana,$1.00,$65.00,$20.00,$1.00,$420.00,JUIK799620,20,Ft,,,,,Half Height,,0,Container,,1,0,0,0,2, , ,26/06/2017,02:59 AM EST,,,26/06/2017,06:59 AM EST,,,Landin Ramos,(154) 375-3664,Zackery Mccarty,(293) 187-2924,If Purple People Eaters are real… where do they find purple people to eat?
PO-1767,$1.00,23/06/2017,05:30 PM EST,U9757TU,2001 Biscayne Blvd,Miami,Port of Miami,FL,33137,7 S. Lantern St.,Fort Lauderdale,FL,33308,Container,Cancelled,Vito Transport Inc.,Test co.,Alexander Iuspa,$1.00,$39.00,$12.00,$1.00,$420.00,BOQT4521368,40,Ft,,,,,Dry,,0,Container,,1,9.6,8,45,2, , ,26/06/2017,02:59 AM EST,,,26/06/2017,06:59 AM EST,,,Ryan Obrien,(926) 488-3509,Ryan Obrien,(572) 141-9657,"Everyone was busy, so I went to the movie alone."
PO-1768,$1.00,23/06/2017,05:25 PM EST,U9757TU,2792 NW 24th St,Miami,Port of Miami,FL,33142,52 Edgefield Rd.,Satellite Beach,FL,32937,Container,Cancelled,xyz trucking,Test co.,Alexander Iuspa,$1.00,$61.00,$10.00,$1.00,$420.00,PBHT9352380,20,Ft,,,,,Flat Rack,,0,Container,,1,0,0,0,2, , ,26/06/2017,02:59 AM EST,,,26/06/2017,06:59 AM EST,,,Christine Weiss,(586) 464-5907,Yuliana Santiago,(753) 962-2256,"Sometimes, all you need to do is completely make an ass of yourself and laugh it off to realise that life isn’t so bad after all."
PO-1758,$330.00,23/05/2017,01:49 PM EST,84C1X71,2792 NW 24th St,Miami,Port of Miami,FL,33142,778 Corona Lane,Venice,FL,34293,Full,Cancelled,DMS Logistics Inc,SUNGATE STONE LLC,Alexander Iuspa,$330.00,$35.00,$17.00,$280.00,$927.00,,,,,,,,,,0,Pallet,marble,18,60,48,40,1,"44,800",Lbs,25/05/2017,02:59 AM EST,,,25/05/2017,11:59 AM EST,,,Ashly Harris,(442) 643-1122,Christine Weiss,(308) 890-2833,We rarely listen to others - ask someone about their day
PO-1730,$200.00,23/02/2017,01:12 PM EST,8RC882S,2792 NW 24th St,Miami,Port of Miami,FL,33142,265 Peachtree Street,Winter Garden,FL,34787,Partial,Cancelled,"H&M Container Transport, Inc.",Test QL,Hakki Ozdamar,$200.00,$62.00,$14.00,$170.00,$200.00,,,,,,,,,,0,Pallet,,12,60,48,40,1,"1,234",Lbs,24/02/2017,02:59 AM EST,,,24/02/2017,06:59 AM EST,,,Kale Gill,(192) 301-5946,Nickolas Liu,(725) 888-2967,"Send a thank you card to someone who has made a difference in your life (a friend, family member, teacher etc.)"
PO-1731,$200.00,23/02/2017,01:17 PM EST,8RC882S,2792 NW 24th St,Miami,Port of Miami,FL,33142,7203 Lookout Drive,Fleming Island,FL,32003,Partial,Cancelled,DMS Logistics Inc,Test QL,Walter Saldana,$200.00,$28.00,$12.00,$170.00,$200.00,,,,,,,,,,0,Pallet,,12,0,0,0,1,"1,234",Lbs,24/02/2017,03:29 AM EST,,,24/02/2017,03:29 PM EST,,,Bella Villanueva,(147) 972-6498,Lucy Fox,(290) 716-0020,Be proactive – sign a petition for a good cause
PO-1703,$300.00,22/12/2016,02:10 PM EST,D2WFJXR,2792 NW 24th St,Miami,Port of Miami,FL,33142,750 Ridge Court,Lady Lake,FL,32159,Partial,Paid,DMS Logistics Inc,Bos warehouse,Joe Wheller,$300.00,$34.00,$20.00,$300.00,$300.00,,,,,,,,,,1,Pallet,TILES/PAVERS,16,29,44,38,1,"43,952",Lbs,27/12/2016,04:12 AM EST,,,27/12/2016,06:12 AM EST,,,Jude Mcintyre,(237) 237-5064,Alina Gaines,(641) 881-0697,Have lunch with a homeless person
PO-1704,$300.00,22/12/2016,02:13 PM EST,1W2RJLF,2792 NW 24th St,Miami,Port of Miami,FL,33142,9498 Race St.,Palm Beach Gardens,FL,33410,Partial,Paid,DMS Logistics Inc,Bos warehouse,Alexander Iuspa,$300.00,$26.00,$20.00,$300.00,$300.00,,,,,,,,,,1,Pallet,TILES/PAVERS,16,29,44,38,1,"43,930",Lbs,27/12/2016,04:14 AM EST,,,27/12/2016,06:14 AM EST,,,Lia Chung,(275) 454-3091,Shaniya Nichols,(981) 204-8920,Share something interesting you’ve learnt today
PO-1705,$300.00,22/12/2016,02:15 PM EST,VKIUJ4Q,2792 NW 24th St,Miami,Port of Miami,FL,33142,522 Peachtree Street,Lake Worth,FL,33460,Partial,Proof Of Delivery,AlexCarrierBest,Bos warehouse,Joe Wheller,$300.00,$50.00,$15.00,$300.00,$300.00,,,,,,,,,,1,Pallet,TILES/PAVERS,19,29,44,38,1,"43,938",Lbs,28/12/2016,04:16 AM EST,,,28/12/2016,11:16 AM EST,,,Orlando Hodge,(764) 411-4924,Brodie Woodward,(549) 775-2273,Gift someone something they complimented you for
PO-1706,$300.00,22/12/2016,02:17 PM EST,7EX2QP5,2792 NW 24th St,Miami,Port of Miami,FL,33142,98 Glenlake St.,North Miami Beach,FL,33160,Partial,Paid,AlexCarrierBest,Bos warehouse,Walter Saldana,$300.00,$30.00,$19.00,$300.00,$300.00,,,,,,,,,,1,Pallet,TILES/PAVERS,17,31,36,36,1,"45,338",Lbs,28/12/2016,04:18 AM EST,,,28/12/2016,06:18 AM EST,,,Vanessa Yang,(433) 767-2713,Kierra Gould,(592) 130-0709,Someone looking lost? Help them with directions
PO-1707,$300.00,22/12/2016,03:05 PM EST,APRBGLB,2792 NW 24th St,Miami,Port of Miami,FL,33142,579B Clark Ave.,Stuart,FL,34997,Partial,Cancelled,AlexCarrierBest,Quickload,Weymar Marenco,$300.00,$41.00,$15.00,$300.00,$300.00,,,,,,,,,,0,Pallet,,10,60,48,40,1,"10,000",Lbs,22/12/2016,09:56 AM EST,,,22/12/2016,11:56 AM EST,,,Jax Lawson,(367) 446-4080,Adam Andrews,(230) 947-9907,Old laptop or mobile lying around? Donate it
PO-1757,$330.00,22/05/2017,08:04 AM EST,0BW7Q4L,2792 NW 24th St,Miami,Port of Miami,FL,33142,87 Lafayette Avenue,Sarasota,FL,34231,Full,Paid,DMS Logistics Inc,SUNGATE STONE LLC,Alexander Iuspa,$330.00,$36.00,$17.00,$280.00,$927.00,,,,,,,,,,1,Pallet,marble,16,60,48,40,1,"44,800",Lbs,22/05/2017,02:59 AM EST,,,22/05/2017,12:59 PM EST,,,Alexander Pineda,(786) 623-2595,Journey Hudson,(902) 363-6632,Make someone’s day – tell a friend why you appreciate them
PO-1725,$330.00,22/02/2017,09:41 AM EST,FF48R9E,2792 NW 24th St,Miami,Port of Miami,FL,33142,26 N. Thorne Ave.,Middleburg,FL,32068,Partial,Paid,BOS Cargo,SUNGATE STONE LLC,Hiram Vazquez,$330.00,$70.00,$17.00,$280.50,$330.00,,,,,,,,,,1,Pallet,TRAVERTIEN,26,60,48,40,1,"45,760",Lbs,23/02/2017,03:29 AM EST,,,23/02/2017,05:29 AM EST,,,Brenton Vance,(604) 297-9786,Amare Hubbard,(177) 110-4025,Pay for someone’s bus ticket
PO-1726,$90.00,22/02/2017,11:09 AM EST,GBMMOME,2792 NW 24th St,Miami,Port of Miami,FL,33142,445 Rockaway Court,Satellite Beach,FL,32937,Partial,Paid,DMS Logistics Inc,1960,Walter Saldana,$90.00,$61.00,$10.00,$76.50,$90.00,,,,,,,,,,1,Pallet,,1,60,48,40,1,300,Lbs,22/02/2017,06:59 AM EST,,,22/02/2017,12:59 PM EST,,,Dario Middleton,(393) 244-6091,River Roth,(307) 486-5176,Share your lunch with a friend
PO-1727,$400.00,22/02/2017,03:45 PM EST,GRXJGAV,2792 NW 24th St,Miami,Port of Miami,FL,33142,90 Gregory Rd.,New Port Richey,FL,34653,Partial,Cancelled,BOS Cargo,Test QL,Walter Saldana,$400.00,$70.00,$13.00,$340.00,$400.00,,,,,,,,,,0,Pallet,,8,60,48,40,1,"10,000",Lbs,23/02/2017,03:59 AM EST,,,23/02/2017,06:59 AM EST,,,Oscar Villarreal,(589) 292-5548,Beckett Parks,(337) 556-9171,Reconnect with your grandparents or an elderly person you know – give them a call!
PO-1728,$350.00,22/02/2017,03:48 PM EST,F405YSC,2792 NW 24th St,Miami,Port of Miami,FL,33142,7463 Poor House Street,Stuart,FL,34997,Partial,Cancelled,DMS Logistics Inc,Test QL,Andy Luis,$350.00,$74.00,$20.00,$297.50,$350.00,,,,,,,,,,0,Pallet,,2,0,0,0,1,"3,000",Lbs,23/02/2017,04:59 AM EST,,,23/02/2017,11:29 AM EST,,,Nyla Hess,(869) 434-5383,Stephany Rose,(918) 566-8758,Read a good book recently? Pass it on to someone else
PO-1729,$280.00,22/02/2017,03:52 PM EST,OD9385R,2792 NW 24th St,Miami,Port of Miami,FL,33142,2 La Sierra St.,Winter Garden,FL,34787,Partial,Cancelled,BOS Cargo,Test QL,Walter Saldana,$280.00,$26.00,$17.00,$238.00,$280.00,,,,,,,,,,0,Pallet,,6,60,48,40,1,"10,000",Lbs,27/02/2017,11:59 AM EST,,,27/02/2017,01:59 PM EST,,,Camden Knight,(215) 761-1475,Lizbeth Huynh,(331) 716-3971,Make an effort to get to know someone you don’t usually talk to
PO-1697,$300.00,20/12/2016,08:57 AM EST,3GFT2RA,2792 NW 24th St,Miami,Port of Miami,FL,33142,7 S. Lantern St.,Fort Lauderdale,FL,33308,Partial,Paid,DMS Logistics Inc,Bos warehouse,Jose Hernandez,$300.00,$26.00,$17.00,$300.00,$300.00,,,,,,,,,,0,Pallet,tiles/pavers,19,30,44,29,1,"47,257",Lbs,20/12/2016,03:55 AM EST,,,20/12/2016,05:55 AM EST,,,Neveah Potts,(483) 358-9673,Jared Hoover,(227) 209-8394,Buy more ethically sourced foods
PO-1698,$300.00,20/12/2016,09:00 AM EST,4W2GUME,2792 NW 24th St,Miami,Port of Miami,FL,33142,52 Edgefield Rd.,Satellite Beach,FL,32937,Partial,Paid,AlexCarrierBest,Bos warehouse,Yusmany Felipe,$300.00,$71.00,$10.00,$300.00,$300.00,,,,,,,,,,0,Pallet,tiles/pavers,18,30,37,43,1,"44,478",Lbs,20/12/2016,03:59 AM EST,,,20/12/2016,05:59 AM EST,,,Elian Michael,(733) 609-6369,Ashlyn Jacobs,(844) 251-7863,Wardrobe overflowing? Donate clothes to a charity
PO-1699,$300.00,20/12/2016,05:36 PM EST,1LGIKDU,2792 NW 24th St,Miami,Port of Miami,FL,33142,854 New Saddle Drive,Fernandina Beach,FL,32034,Partial,Paid,Trust Transport LLC,Bos warehouse,Walter Saldana,$300.00,$67.00,$17.00,$300.00,$300.00,,,,,,,,,,0,Pallet,TILES/PAVERS,17,30,38,44,1,"45,472",Lbs,21/12/2016,03:35 AM EST,,,21/12/2016,05:35 AM EST,,,Victor Le,(662) 130-9961,Miranda Burgess,(315) 465-9974,Is that litter on the floor? Pick it up and bin it
PO-1700,$300.00,20/12/2016,05:36 PM EST,HBAMYWB,2792 NW 24th St,Miami,Port of Miami,FL,33142,9295 Bridgeton Dr.,Melbourne,FL,32904,Partial,Paid,AlexCarrierBest,Bos warehouse,HM HM,$300.00,$73.00,$10.00,$300.00,$300.00,,,,,,,,,,1,Pallet,TILES/PAVERS,14,32,36,36,1,"41,365",Lbs,21/12/2016,04:37 AM EST,,,21/12/2016,06:37 AM EST,,,Cornelius Paul,(913) 897-5192,Alexandra Cruz,(173) 568-6667,Neighbour’s lawn looking messy? Offer to mow it
PO-1701,$300.00,20/12/2016,05:39 PM EST,177Y96B,2792 NW 24th St,Miami,Port of Miami,FL,33142,81 Atlantic Ave.,Cocoa,FL,32927,Partial,Paid,BOS Cargo,Bos warehouse,Joe Wheller,$300.00,$32.00,$17.00,$300.00,$300.00,,,,,,,,,,1,Pallet,TILES/PAVERS,15,28,36,42,1,"43,110",Lbs,21/12/2016,04:40 AM EST,,,21/12/2016,06:40 AM EST,,,Emilio Perez,(799) 518-0556,Rubi Mccarthy,(960) 505-2854,It’s hard to stay connected – reach out to an elderly person you know
PO-1702,$300.00,20/12/2016,05:42 PM EST,TBRHD6C,2792 NW 24th St,Miami,Port of Miami,FL,33142,45 N. Market St.,Oviedo,FL,32765,Partial,Paid,RAMBLAS FREIGHT CARGO INC,Bos warehouse,Walter Saldana,$300.00,$34.00,$19.00,$300.00,$300.00,,,,,,,,,,0,Pallet,TILES/PAVERS,15,28,36,42,1,"43,018",Lbs,22/12/2016,04:43 AM EST,,,22/12/2016,06:43 AM EST,,,Paula Pacheco,(507) 688-2297,Jayden Dunn,(875) 971-7637,Go green – don’t waste paper
PO-1864,$125.00,20/07/2017,01:58 PM EST,FROVPGF,2792 NW 24th St,Miami,Port of Miami,FL,33142,7838 Princess Road,San Jose,CA,95127,Full,Paid,AlexCarrierBest,Polymersan LLC,Walter Saldana,$125.00,$58.00,$12.00,$106.00,$144.00,,,,,,,,,,0,Pallet,Plastic Sheets & RODS,23,15,48,40,1,"25,000",Lbs,21/07/2017,03:29 AM EST,,,21/07/2017,04:59 AM EST,,,Kameron Zamora,(862) 277-2261,Giana Townsend,(864) 571-3257,Know someone going through something you’ve been through? Give them advice
PO-1746,$100.00,20/04/2017,11:40 AM EST,YNGEJS4,2792 NW 24th St,Miami,Port of Miami,FL,33142,8104 Ocean St.,Miami Beach,FL,33139,Partial,Paid,DMS Logistics Inc,Polymersan LLC,Weymar Marenco,$100.00,$48.00,$12.00,$85.00,$100.00,,,,,,,,,,1,Pallet,Plastic,15,10,48,120,1,"23,000",Lbs,21/04/2017,02:59 AM EST,,,21/04/2017,03:59 AM EST,,,Makena Butler,(289) 910-4405,Justice Graves,(318) 865-3369,Bake for your neighbour
PO-1863,$145.00,18/07/2017,08:41 AM EST,0UTF78Q,2792 NW 24th St,Miami,Port of Miami,FL,33142,987 Arcadia St.,Ridgecrest,CA,93555,Partial,Cancelled,"LILI EXPRESS, LLC",Marianna Shipping Co,Walter Saldana,$145.00,$48.00,$12.00,$123.00,$145.00,,,,,,,,,,0,Pallet,marble,15,60,48,40,1,"35,000",Lbs,18/07/2017,02:59 AM EST,,,18/07/2017,06:59 AM EST,,,Nicolas Jordan,(853) 510-9119,Selena Friedman,(633) 570-6295,"It can get lonely when you are old, pay your grandparents a visit"
PO-1741,"$20,000.00",18/03/2017,12:29 PM EST,AN7QDC7,2792 NW 24th St,Miami,Port of Miami,FL,33142,98 Glenlake St.,North Miami Beach,FL,33160,Partial,Cancelled,AlexCarrierBest,Bos Group,John Martinez,"$20,000.00",$35.00,$15.00,"$17,000.00","$20,000.00",,,,,,,,,,0,Pallet,,8,0,0,0,1,"1,000",Lbs,27/03/2017,09:29 AM EST,,,27/03/2017,09:59 AM EST,,,Odin Elliott,(414) 356-2771,Mariah Carpenter,(972) 604-7363,"Help someone improve, give them constructive feedback"
PO-1711,$300.00,18/01/2017,12:03 PM EST,Y8OBF35,2792 NW 24th St,Miami,Port of Miami,FL,33142,8104 Ocean St.,Miami Beach,FL,33139,Partial,Proof Of Delivery,Troy Transport LLC,Bos warehouse,Joe Wheller,$300.00,$35.00,$16.00,$300.00,$300.00,,,,,,,,,,1,Pallet,TILES/PAVERS,18,29,37,43,1,"43,290",Lbs,18/01/2017,03:59 AM EST,,,18/01/2017,09:59 AM EST,,,Edwin Shepard,(221) 266-2574,Simone Powell,(528) 713-4875,Feed a stray animal if you spot one
PO-1712,$300.00,18/01/2017,12:12 PM EST,CROQYBP,2792 NW 24th St,Miami,Port of Miami,FL,33142,7303 S. Homestead Drive,Port Charlotte,FL,33952,Partial,Paid,BOS Cargo,Bos warehouse,Luis Enrique Molina,$300.00,$62.00,$19.00,$300.00,$300.00,,,,,,,,,,1,Pallet,Tile/pavers,18,30,37,43,1,"44,424",Lbs,18/01/2017,03:59 AM EST,,,18/01/2017,09:59 AM EST,,,Irvin Mosley,(769) 440-3988,Declan Maldonado,(968) 740-8247,Offer to babysit your siblings/cousins/nephews/nieces etc
PO-1713,$300.00,18/01/2017,03:40 PM EST,YFO2MXS,2792 NW 24th St,Miami,Port of Miami,FL,33142,8369 North Smoky Hollow Street,Palm Coast,FL,32137,Partial,Paid,AlexCarrierBest,Bos warehouse,Alexander Iuspa,$300.00,$70.00,$14.00,$300.00,$300.00,,,,,,,,,,1,Pallet,TILES/PAVERS,15,31,45,28,1,"42,330",Lbs,19/01/2017,03:59 AM EST,,,19/01/2017,06:59 AM EST,,,Kaylah Mckay,(806) 630-8064,Julissa Hopkins,(135) 416-3330,Help someone struggling with heavy bags
PO-1714,$300.00,18/01/2017,03:43 PM EST,6UTX5PE,2792 NW 24th St,Miami,Port of Miami,FL,33142,18 W. Locust Ave.,Stuart,FL,34997,Partial,Paid,xyz trucking,Bos warehouse,Jose Hernandez,$300.00,$74.00,$13.00,$300.00,$300.00,,,,,,,,,,1,Pallet,TILES/PAVERS,18,32,45,45,1,"46,732",Lbs,19/01/2017,03:59 AM EST,,,19/01/2017,09:59 AM EST,,,George Mcclure,(869) 417-4551,Julien Hines,(288) 579-4802,Hug your parents
PO-1715,$300.00,18/01/2017,03:48 PM EST,15KY7AX,2792 NW 24th St,Miami,Port of Miami,FL,33142,8022 Brandywine Drive,Ormond Beach,FL,32174,Partial,Completed,DMS Logistics Inc,Bos warehouse,Aly Mahmoud,$300.00,$25.00,$13.00,$300.00,$300.00,,,,,,,,,,0,Pallet,TILES/PAVERS,18,37,37,28,1,"50,903",Lbs,19/01/2017,03:59 AM EST,,,19/01/2017,09:59 AM EST,,,Dominic Rowe,(475) 306-3481,Tomas Walsh,(730) 141-5235,We walk past homeless people every day; can you spare them 5 minutes of your time?
PO-1870,$176.47,17/08/2017,02:51 PM EST,NT4DMC7,2792 NW 24th St,Miami,Port of Miami,FL,33142,549 Lookout Court,Mountain View,CA,94043,Full,Paid,AlexCarrierBest,BOS Global LLC,Walter Saldana,$176.47,$52.00,$15.00,$150.47,$150.00,,,,,,,,,,0,Pallet,TILES,12,60,48,40,1,"42,000",Lbs,18/08/2017,06:59 AM EST,,,18/08/2017,12:59 PM EST,,,Beckett Parks,(955) 911-1351,Callie Cunningham,(281) 247-1127,Let someone know how much you appreciate them
PO-1871,$176.47,17/08/2017,02:54 PM EST,VCB6QTE,2792 NW 24th St,Miami,Port of Miami,FL,33142,52 West Fairway St.,Oxnard,CA,93035,Full,Paid,Vito Transport Inc.,BOS Global LLC,HM HM,$176.47,$64.00,$19.00,$150.47,$150.00,,,,,,,,,,0,Pallet,TILES,12,60,48,40,1,"42,000",Lbs,18/08/2017,06:59 AM EST,,,18/08/2017,12:59 PM EST,,,Angeline Schneider,(858) 556-5340,Stanley Bradford,(442) 107-1583,Be eco-friendly – unplug electronics when you’re finished using them
PO-1723,$150.00,17/02/2017,02:06 PM EST,0C7B8MX,2792 NW 24th St,Miami,Port of Miami,FL,33142,778 Corona Lane,Venice,FL,34293,Partial,Paid,DMS Logistics Inc,Bos warehouse,Hiram Vazquez,$150.00,$55.00,$13.00,$150.00,$150.00,,,,,,,,,,1,Pallet,TILES/PAVERS,1,60,48,40,1,"7,113",Lbs,21/02/2017,02:59 AM EST,,,21/02/2017,06:59 AM EST,,,Gilberto Lam,(491) 994-5104,Christopher Spence,(915) 367-7658,Treat a friend – buy them lunch!
PO-1724,$150.00,17/02/2017,02:06 PM EST,0C7B8MX,2792 NW 24th St,Miami,Port of Miami,FL,33142,120 Atlantic Dr.,Fernandina Beach,FL,32034,Partial,Paid,AlexCarrierBest,Bos warehouse,Jose Hernandez,$150.00,$62.00,$12.00,$150.00,$150.00,,,,,,,,,,1,Pallet,,1,0,0,0,1,"7,113",Lbs,21/02/2017,06:59 AM EST,,,21/02/2017,09:59 AM EST,,,Cordell Hendricks,(646) 501-6764,Skyla Blanchard,(234) 983-0367,Smile at a stranger
PO-1754,$350.00,16/05/2017,09:05 AM EST,JYAN4CG,2792 NW 24th St,Miami,Port of Miami,FL,33142,3 Tower Ave.,Fort Lauderdale,FL,33308,Full,Paid,BOS Cargo,SUNGATE STONE LLC,Walter Saldana,$350.00,$70.00,$10.00,$350.00,$927.00,,,,,,,,,,1,Pallet,travertien,14,60,48,40,1,"45,000",Lbs,17/05/2017,02:59 AM EST,,,17/05/2017,12:59 PM EST,,,Rosemary Massey,(578) 775-8186,Rigoberto Glover,(518) 857-7478,Know someone who’s feeling under the weather? Pay them a visit!
PO-1755,$350.00,16/05/2017,11:16 AM EST,7I6C761,2792 NW 24th St,Miami,Port of Miami,FL,33142,7261 Brook Court,Loxahatchee,FL,33470,Full,Paid,DMS Logistics Inc,SUNGATE STONE LLC,Yusmany Felipe,$350.00,$40.00,$17.00,$350.00,$927.00,,,,,,,,,,1,Pallet,marble,17,60,48,40,1,"45,000",Lbs,18/05/2017,02:59 AM EST,,,18/05/2017,12:59 PM EST,,,Ryland Hays,(782) 615-5893,Abbie Trevino,(920) 590-4401,Surprise your siblings with their favourite sweets/chocolate
PO-1756,$350.00,16/05/2017,12:19 PM EST,EQ80SDR,2792 NW 24th St,Miami,Port of Miami,FL,33142,2 Roosevelt Drive,Fort Walton Beach,FL,32547,Full,Paid,xyz trucking,SUNGATE STONE LLC,Oscar Ortiz,$350.00,$55.00,$18.00,$350.00,$927.00,,,,,,,,,,1,Pallet,marble,14,60,48,40,1,"45,000",Lbs,18/05/2017,02:59 AM EST,,,18/05/2017,12:59 PM EST,,,Sam Skinner,(884) 753-4525,Alexandria Gray,(205) 600-9200,Remember that family member you haven’t seen for a while? See how they are doing
PO-1740,$330.00,15/03/2017,02:48 PM EST,8JMF5O3,2792 NW 24th St,Miami,Port of Miami,FL,33142,522 Peachtree Street,Lake Worth,FL,33460,Partial,Paid,DMS Logistics Inc,SUNGATE STONE LLC,Alexander Iuspa,$330.00,$55.00,$19.00,$280.50,$330.00,,,,,,,,,,1,Pallet,stone,16,60,48,40,1,"45,056",Lbs,16/03/2017,02:59 AM EST,,,16/03/2017,06:59 AM EST,,,Natalie Hatfield,(245) 191-7994,Deanna Saunders,(900) 423-8322,Apologise to someone you may have hurt
PO-1691,$25.00,14/12/2016,10:10 AM EST,K1JUBS3,2792 NW 24th St,Miami,Port of Miami,FL,33142,445 Rockaway Court,Satellite Beach,FL,32937,Partial,Cancelled,AlexCarrierBest,Shipper 01,Luis Enrique Molina,$25.00,$60.00,$11.00,$25.00,$25.00,,,,,,,,,,0,Pallet,,12,60,48,40,1,"40,000",Lbs,19/12/2016,03:29 AM EST,,,19/12/2016,05:29 AM EST,,,Nick Perry,(481) 247-4266,Vincent Pena,(641) 669-7823,Remember that friend you haven’t seen for ages? Give them a call
PO-1692,$300.00,14/12/2016,10:49 AM EST,QWSC29Q,2792 NW 24th St,Miami,Port of Miami,FL,33142,90 Gregory Rd.,New Port Richey,FL,34653,Partial,Paid,AlexCarrierBest,Bos warehouse,Joe Wheller,$300.00,$42.00,$16.00,$300.00,$300.00,,,,,,,,,,0,Pallet,TILES/PAVERS,18,30,36,43,1,"44,496",Lbs,14/12/2016,05:51 AM EST,,,14/12/2016,07:51 AM EST,,,Isabelle Ayala,(725) 447-0965,Nora Singh,(578) 744-3273,"Support a small, local business as a customer"
PO-1693,$300.00,14/12/2016,10:52 AM EST,W8XLTC4,2792 NW 24th St,Miami,Port of Miami,FL,33142,7463 Poor House Street,Stuart,FL,34997,Partial,Proof Of Delivery,BOS Cargo,Bos warehouse,Walter Saldana,$300.00,$36.00,$15.00,$300.00,$300.00,,,,,,,,,,0,Pallet,TILES/PAVERS,18,30,37,43,1,"44,450",Lbs,14/12/2016,05:54 AM EST,,,14/12/2016,07:54 AM EST,,,Aryan Miranda,(271) 429-8344,Gwendolyn Weber,(646) 399-6389,"No matter how annoying they can be, tell your siblings how much you appreciate them"
PO-1694,$300.00,14/12/2016,10:56 AM EST,PUMEU2L,2792 NW 24th St,Miami,Port of Miami,FL,33142,2 La Sierra St.,Winter Garden,FL,34787,Partial,Proof Of Delivery,Vito Transport Inc.,Bos warehouse,Walter Saldana,$300.00,$52.00,$20.00,$300.00,$300.00,,,,,,,,,,0,Pallet,TILES/PAVERS,18,32,37,44,1,"43,668",Lbs,15/12/2016,05:57 AM EST,,,15/12/2016,07:57 AM EST,,,Jeremy Bowers,(665) 452-4339,Phoebe Stanton,(628) 210-4222,"Who will be making dinner for your family today? Tag, you’re it!"
PO-1695,$300.00,14/12/2016,10:59 AM EST,YJ6XDMN,2792 NW 24th St,Miami,Port of Miami,FL,33142,265 Peachtree Street,Winter Garden,FL,34787,Partial,Proof Of Delivery,DMS Logistics Inc,Bos warehouse,Alexander Iuspa,$300.00,$30.00,$20.00,$300.00,$300.00,,,,,,,,,,0,Pallet,TILES/PAVERS,14,32,37,44,1,"41,948",Lbs,15/12/2016,05:59 AM EST,,,15/12/2016,07:59 AM EST,,,Meadow Carr,(782) 120-2235,Tristian Holmes,(215) 499-9959,Put your phone down and have a conversation with a friend
PO-1696,$300.00,14/12/2016,11:04 AM EST,VL1O6KX,2792 NW 24th St,Miami,Port of Miami,FL,33142,7203 Lookout Drive,Fleming Island,FL,32003,Partial,Proof Of Delivery,AlexCarrierBest,Bos warehouse,Alexander Iuspa,$300.00,$29.00,$13.00,$300.00,$300.00,,,,,,,,,,0,Pallet,TILES/PAVERS,20,36,36,36,1,"45,456",Lbs,16/12/2016,06:04 AM EST,,,16/12/2016,08:04 AM EST,,,Preston Johns,(553) 620-4229,Ryland Hays,(422) 541-8637,Oooh wait! There’s somebody behind you; hold the door open!
PO-1882,$470.00,13/10/2017,11:24 AM EST,N5XPRAJ,2792 NW 24th St,Miami,Port of Miami,FL,33142,8600 W. Spring Court,Ashburn,VA,20147,Partial,Posted Complete,DMS Logistics Inc,BOS Global LLC,Andy Luis,$470.00,$48.00,$11.00,$399.00,$470.00,,,,,,,,,,0,Pallet,Marble,15,60,48,40,1,"59,511",Lbs,16/10/2017,02:59 AM EST,,,16/10/2017,06:59 AM EST,,,Madeleine Greene,(389) 583-0823,Karlie Rangel,(481) 546-1060,"Leave a kind message anywhere (in a library book, on a computer etc.)"
PO-1722,$125.00,13/02/2017,03:32 PM EST,OUDF5VD,2792 NW 24th St,Miami,Port of Miami,FL,33142,87 Lafayette Avenue,Sarasota,FL,34231,Partial,Paid,DMS Logistics Inc,Royalstone,Walter Saldana,$125.00,$58.00,$12.00,$125.00,$125.00,,,,,,,,,,1,Pallet,,21,60,48,40,1,"45,000",Lbs,14/02/2017,03:59 AM EST,,,14/02/2017,04:29 AM EST,,,Erick Ball,(500) 924-7503,Kristen Pratt,(314) 923-9232,Make a hot beverage for a friend/family
PO-1688,$300.00,12/12/2016,08:52 AM EST,WXWER9M,2792 NW 24th St,Miami,Port of Miami,FL,33142,778 Corona Lane,Venice,FL,34293,Partial,Paid,DMS Logistics Inc,Bos warehouse,Walter Saldana,$300.00,$25.00,$11.00,$300.00,$300.00,,,,,,,,,,0,Pallet,TILES/PAVERS,26,22,37,44,1,"44,988",Lbs,12/12/2016,03:31 AM EST,,,12/12/2016,05:31 AM EST,,,Brennan Wise,(987) 296-4323,Ayana Mcmahon,(670) 830-6651,Compliment someone today!
PO-1689,$300.00,12/12/2016,08:54 AM EST,DBV0XP1,2792 NW 24th St,Miami,Port of Miami,FL,33142,120 Atlantic Dr.,Fernandina Beach,FL,32034,Partial,Paid,DMS Logistics Inc,Bos warehouse,Walter Saldana,$300.00,$56.00,$20.00,$300.00,$300.00,,,,,,,,,,0,Pallet,TILES/PAVERS,25,31,46,29,1,"45,168",Lbs,12/12/2016,03:54 AM EST,,,12/12/2016,05:54 AM EST,,,Francisco Bonilla,(449) 323-7330,Helen Petty,(344) 302-6276,Open the door for someone
PO-1690,$300.00,12/12/2016,09:02 AM EST,OFP97DE,2792 NW 24th St,Miami,Port of Miami,FL,33142,26 N. Thorne Ave.,Middleburg,FL,32068,Partial,Paid,BOS Cargo,Bos warehouse,John Martinez,$300.00,$65.00,$10.00,$300.00,$300.00,,,,,,,,,,0,Pallet,TILES/PAVERS,26,22,37,44,1,"46,644",Lbs,13/12/2016,04:04 AM EST,,,13/12/2016,06:04 AM EST,,,Talan Arroyo,(649) 709-3435,Charlotte Cooke,(679) 663-3072,Plant a seed
PO-1710,$200.00,11/01/2017,02:12 PM EST,H2WCO75,2792 NW 24th St,Miami,Port of Miami,FL,33142,93 Fieldstone Circle,Orange Park,FL,32065,Partial,Cancelled,Vanyoska Transport Inc.,Bos warehouse,Weymar Marenco,$200.00,$46.00,$10.00,$200.00,$200.00,,,,,,,,,,0,Pallet,TILES/PAVERS,12,101,32,41,1,"35,791",Lbs,12/01/2017,05:59 AM EST,,,12/01/2017,07:59 AM EST,,,Bailey Mahoney,(578) 816-9756,Tatum Schultz,(592) 954-1010,Help someone carry their pushchair up/down the stairs
PO-1869,$219.00,10/08/2017,11:33 AM EST,8UW1ISK,2792 NW 24th St,Miami,Port of Miami,FL,33142,9254 Silver Spear Drive,Santa Monica,CA,90403,Partial,Cancelled,AlexCarrierBest,Marianna Shipping Co,Hiram Vazquez,$219.00,$30.00,$19.00,$186.00,$219.00,,,,,,,,,,0,Pallet,marble,15,60,48,40,1,"38,000",Lbs,08/08/2017,02:59 AM EST,,,08/08/2017,06:59 AM EST,,,Tyree Vincent,(442) 319-4854,Madelynn Wheeler,(564) 724-3948,Say good morning/afternoon/evening to a stranger
PO-1861,$125.00,10/07/2017,11:12 AM EST,LL64CBG,2792 NW 24th St,Miami,Port of Miami,FL,33142,265 Honey Creek Lane,Vista,CA,92083,Full,Paid,Quickload,Polymersan LLC,Yuris Lopez,$125.00,$32.00,$10.00,$106.00,$144.00,,,,,,,,,,0,Pallet,Plastic,24,60,48,40,1,"25,000",Lbs,10/07/2017,09:59 AM EST,,,10/07/2017,10:29 AM EST,,,Brooklyn Buchanan,(932) 469-9252,Kennedy Mcclain,(246) 378-9108,Make a conscious effort to recycle
PO-1862,$1.00,10/07/2017,11:33 AM EST,RW5T1J4,1204 SW 8th St,Miami,Port of Miami,FL,33135,7320 Winchester Rd.,Pomona,CA,91768,Partial,Cancelled,AlexCarrierBest,Adaa,Walter Saldana,$1.00,$46.00,$20.00,$1.00,$46.00,,,,,,,,,,0,Pallet,,1,60,48,40,1,"1,000",Lbs,11/07/2017,02:59 AM EST,,,11/07/2017,06:59 AM EST,,,America Barr,(388) 856-8858,Yahir Marquez,(904) 971-6902,Make your voice count - sign a petition for a good cause
PO-1739,$165.00,10/03/2017,02:04 PM EST,AV64JSY,2792 NW 24th St,Miami,Port of Miami,FL,33142,9498 Race St.,Palm Beach Gardens,FL,33410,Partial,Cancelled,AlexCarrierBest,Bos Group,Weymar Marenco,$165.00,$48.00,$13.00,$140.25,$165.00,,,,,,,,,,0,Pallet,,10,0,0,0,1,"35,000",Lbs,13/03/2017,09:29 AM EST,,,13/03/2017,10:59 AM EST,,,Rayna Walters,(527) 312-4745,Angel Rice,(163) 606-0096,Smile at 3 people today
PO-1720,$300.00,10/02/2017,09:17 AM EST,QWFSNX4,2792 NW 24th St,Miami,Port of Miami,FL,33142,7261 Brook Court,Loxahatchee,FL,33470,Partial,Paid,BOS Cargo,Bos warehouse,Kelvin Sanchez,$300.00,$44.00,$15.00,$300.00,$300.00,,,,,,,,,,1,Pallet,TILES/PAVERS,20,31,44,37,1,"44,480",Lbs,10/02/2017,02:59 AM EST,,,10/02/2017,09:59 AM EST,,,Jerry Mcintosh,(785) 126-2830,Tanner Moss,(905) 165-7801,Purchase ethical goods
PO-1721,$300.00,10/02/2017,09:18 AM EST,8B7XE2B,2792 NW 24th St,Miami,Port of Miami,FL,33142,2 Roosevelt Drive,Fort Walton Beach,FL,32547,Partial,Paid,AlexCarrierBest,Bos warehouse,Alexander Iuspa,$300.00,$70.00,$11.00,$300.00,$300.00,,,,,,,,,,1,Pallet,TILES/PAVERS,23,29,37,44,1,"49,273",Lbs,10/02/2017,03:59 AM EST,,,10/02/2017,09:59 AM EST,,,Clare Ferrell,(348) 171-0358,Matteo Miles,(480) 203-5804,Help someone academically – lend them your study notes
PO-1685,$300.00,09/12/2016,09:35 AM EST,960T5N1,2792 NW 24th St,Miami,Port of Miami,FL,33142,7261 Brook Court,Loxahatchee,FL,33470,Partial,Cancelled,xyz trucking,Bos warehouse,Weymar Marenco,$300.00,$29.00,$14.00,$300.00,$300.00,,,,,,,,,,0,Pallet,,18,60,48,40,1,"44,622",Lbs,09/12/2016,04:34 AM EST,,,09/12/2016,06:34 AM EST,,,Danny Norton,(647) 308-2354,Marin Armstrong,(899) 518-8588,Help somebody with a chore they need done!
PO-1686,$300.00,09/12/2016,10:05 AM EST,GSU9OJ6,2792 NW 24th St,Miami,Port of Miami,FL,33142,2 Roosevelt Drive,Fort Walton Beach,FL,32547,Full,Paid,AlexCarrierBest,Bos warehouse,Alexander Iuspa,$300.00,$28.00,$20.00,$300.00,$300.00,,,,,,,,,,0,Pallet,TILES/PAVERS,18,60,48,40,1,"44,622",Lbs,09/12/2016,05:01 AM EST,,,09/12/2016,07:01 AM EST,,,Carlee Buck,(851) 905-6776,Jamal Hull,(397) 511-5604,Share today’s food with your neighbour!
PO-1687,$300.00,09/12/2016,10:28 AM EST,JHJL170,2792 NW 24th St,Miami,Port of Miami,FL,33142,87 Lafayette Avenue,Sarasota,FL,34231,Partial,Paid,Trust Transport LLC,Bos warehouse,Weymar Marenco,$300.00,$26.00,$19.00,$300.00,$300.00,,,,,,,,,,0,Pallet,TILES/PAVERS,19,60,48,40,1,"44,244",Lbs,09/12/2016,05:29 AM EST,,,09/12/2016,07:29 AM EST,,,Sandra Hardin,(950) 178-1578,Makena Butler,(864) 666-1451,Write a complimentary note for someone
PO-1760,$300.00,09/06/2017,08:52 AM EST,P0VKSQD,2792 NW 24th St,Miami,Port of Miami,FL,33142,26 N. Thorne Ave.,Middleburg,FL,32068,Full,Cancelled,Sam Isa Transport Express Corp,SUNGATE STONE LLC,Walter Saldana,$300.00,$45.00,$19.00,$255.00,$818.00,,,,,,,,,,0,Pallet,marble,18,60,48,40,1,"45,000",Lbs,12/06/2017,02:59 AM EST,,,12/06/2017,12:59 PM EST,,,Kaitlyn Mata,(638) 250-0419,Gary Bennett,(848) 269-1932,Visit a friend who’s sick
PO-1718,$300.00,09/02/2017,10:34 AM EST,WQV0G2A,2792 NW 24th St,Miami,Port of Miami,FL,33142,7084 Creekside St.,Sebastian,FL,32958,Partial,Paid,AlexCarrierBest,Bos warehouse,Walter Saldana,$300.00,$68.00,$14.00,$300.00,$300.00,,,,,,,,,,1,Pallet,tiles/pavers,14,29,37,43,1,"34,342",Lbs,09/02/2017,03:59 AM EST,,,09/02/2017,07:29 AM EST,,,Kassidy Chase,(616) 656-2351,Britney Alvarez,(963) 883-0694,Feeling inspired? Make a meal for your family or roommates
PO-1719,$300.00,09/02/2017,10:35 AM EST,QAEIQG2,2792 NW 24th St,Miami,Port of Miami,FL,33142,3 Tower Ave.,Fort Lauderdale,FL,33308,Partial,Paid,xyz trucking,Bos warehouse,Andy Luis,$300.00,$72.00,$10.00,$300.00,$300.00,,,,,,,,,,1,Pallet,tiles/pavers,18,30,37,43,1,"44,118",Lbs,09/02/2017,03:59 AM EST,,,09/02/2017,09:59 AM EST,,,Cruz Cordova,(405) 929-5097,Damien Andersen,(877) 435-4150,Help a younger student with their work
PO-1684,$150.00,08/12/2016,02:50 PM EST,DI0JN19,2792 NW 24th St,Miami,Port of Miami,FL,33142,3 Tower Ave.,Fort Lauderdale,FL,33308,Partial,Paid,DMS Logistics Inc,Bos warehouse,Hiram Vazquez,$150.00,$37.00,$16.00,$150.00,$150.00,,,,,,,,,,0,Pallet,Roofing Material,4,46,36,46,1,"9,153",Lbs,09/12/2016,03:59 AM EST,,,09/12/2016,05:59 AM EST,,,Elise Houston,(176) 880-5270,Brendan Beard,(396) 682-8671,Pay for someone else’s meal today
PO-1748,$330.00,08/05/2017,02:36 PM EST,AMR8PRB,2792 NW 24th St,Miami,Port of Miami,FL,33142,8369 North Smoky Hollow Street,Palm Coast,FL,32137,Partial,Cancelled,Bos Transport,SUNGATE STONE LLC,Walter Saldana,$330.00,$35.00,$19.00,$280.00,$330.00,,,,,,,,,,0,Pallet,travertien,18,60,48,40,1,"45,000",Lbs,09/05/2017,02:59 AM EST,,,09/05/2017,12:59 PM EST,,,Gunnar Cross,(446) 483-4576,Alfonso Wiggins,(199) 930-8875,Make someone a cup of coffee
PO-1749,$330.00,08/05/2017,02:35 PM EST,7WMX7NE,2792 NW 24th St,Miami,Port of Miami,FL,33142,18 W. Locust Ave.,Stuart,FL,34997,Partial,Cancelled,BOS Cargo,SUNGATE STONE LLC,Oscar Ortiz,$330.00,$39.00,$13.00,$280.00,$330.00,,,,,,,,,,0,Pallet,travertien,18,60,48,40,1,"45,000",Lbs,10/05/2017,02:59 AM EST,,,10/05/2017,12:59 PM EST,,,Jameson Woodard,(636) 967-3203,Lucia Graham,(192) 955-5087,Surroundings looking messy? Tidy up the area around you
PO-1750,$330.00,08/05/2017,02:39 PM EST,P7KH62N,2792 NW 24th St,Miami,Port of Miami,FL,33142,8022 Brandywine Drive,Ormond Beach,FL,32174,Partial,Cancelled,DMS Logistics Inc,SUNGATE STONE LLC,Joseph BOS,$330.00,$30.00,$12.00,$280.00,$330.00,,,,,,,,,,0,Pallet,traverien,20,60,48,40,1,"45,000",Lbs,10/05/2017,02:59 AM EST,,,10/05/2017,12:59 PM EST,,,Maria Bean,(732) 920-4397,Rodrigo Wilkinson,(926) 218-1779,Life can get really busy - take some time out to spend with a family member
PO-1751,$330.00,08/05/2017,02:49 PM EST,JLO7UD3,2792 NW 24th St,Miami,Port of Miami,FL,33142,716 Glen Creek Street,The Villages,FL,32162,Partial,Cancelled,ajs transport corp,SUNGATE STONE LLC,Walter Saldana,$330.00,$39.00,$11.00,$280.00,$330.00,,,,,,,,,,0,Pallet,travertien,18,60,48,40,1,"45,000",Lbs,11/05/2017,02:59 AM EST,,,11/05/2017,12:59 PM EST,,,Angel Rice,(755) 281-7494,Lana Mcpherson,(345) 939-4677,Tell a friend about ARK/World Kindness Day
PO-1752,$330.00,08/05/2017,02:47 PM EST,9NMIPJP,2792 NW 24th St,Miami,Port of Miami,FL,33142,242 E. Green Hill Street,Bonita Springs,FL,34135,Partial,Cancelled,"H&M Container Transport, Inc.",SUNGATE STONE LLC,Weymar Marenco,$330.00,$67.00,$11.00,$280.00,$330.00,,,,,,,,,,0,Pallet,travertien,18,60,48,40,1,"45,000",Lbs,12/05/2017,02:59 AM EST,,,12/05/2017,12:59 PM EST,,,Annabella Randolph,(629) 587-6783,Parker Tyler,(471) 791-9785,Know someone who is not coping very well? Give them a call
PO-1753,$330.00,08/05/2017,03:04 PM EST,K5GGC3Q,2792 NW 24th St,Miami,Port of Miami,FL,33142,7084 Creekside St.,Sebastian,FL,32958,Partial,Cancelled,DMS Logistics Inc,SUNGATE STONE LLC,John Martinez,$330.00,$27.00,$12.00,$280.00,$330.00,,,,,,,,,,0,Pallet,travertien,18,60,48,40,1,"45,000",Lbs,09/05/2017,02:59 AM EST,,,09/05/2017,12:59 PM EST,,,Julissa Hopkins,(268) 750-6423,Jadyn Waller,(776) 976-7978,House chores can be tiring – offer a helping hand
PO-1845,$1.00,07/07/2017,12:30 PM EST,MEO82SX,3337 FL-84,Davie,,FL,33324,265 Honey Creek Lane,Vista,CA,92083,Container,Paid,AlexCarrierBest,AlexShipper,Alexander Iuspa,$1.00,$72.00,$12.00,$1.00,$897.00,ABEH5064513,20,Ft,,,,,Open Top,,0,Container,,1,0,0,0,2, , ,08/07/2017,06:59 AM EST,,,08/07/2017,12:59 PM EST,,,Naomi Mcmillan,(733) 141-2861,Sam Skinner,(946) 987-1760,Writing a list of random sentences is harder than I initially thought it would be.
PO-1848,$1.00,07/07/2017,12:30 PM EST,MEO82SX,3337 FL-84,Davie,,FL,33324,7838 Princess Road,San Jose,CA,95127,Container,Paid,BOS Cargo,AlexShipper,Walter Saldana,$1.00,$71.00,$13.00,$1.00,$897.00,INNA8253154,40,Ft,,,,,Tunnel,,0,Container,,1,0,0,0,2, , ,08/07/2017,06:59 AM EST,,,08/07/2017,12:59 PM EST,,,Ryder Barnes,(852) 378-7036,Maleah Osborn,(737) 638-3147,We need to rent a room for our party.
PO-1854,$2.00,07/07/2017,12:32 PM EST,LHIF6QC,3337 FL-84,Davie,,FL,33324,549 Lookout Court,Mountain View,CA,94043,Container,Paid,DMS Logistics Inc,AlexShipper,Weymar Marenco,$2.00,$31.00,$14.00,$2.00,$784.00,BSBR2600778,20,Ft,,,,,Side Open,,0,Container,,1,0,0,0,2, , ,08/07/2017,06:59 AM EST,,,08/07/2017,12:59 PM EST,,,Ariana Hogan,(379) 324-7575,Kinsley York,(772) 900-1077,Let me help you with your baggage.
PO-1839,$1.00,07/07/2017,12:22 PM EST,9SWVHG8,901 S America Way,Miami,Port of Miami,FL,33132,901 S America Way,Miami,FL,33132,Container,Cancelled,Bos Transport,AlexShipper,Walter Saldana,$1.00,$46.00,$17.00,$1.00,$508.00,BNMI6914932,40,Ft,,,,,Refrigerated ISO,,0,Container,,1,9.6,8,40,2, , ,08/07/2017,06:59 AM EST,,,08/07/2017,12:59 PM EST,,,Paris Kane,(709) 526-5052,Augustus Baxter,(852) 220-4680,Where do random thoughts come from?
PO-1840,$1.00,07/07/2017,12:22 PM EST,9SWVHG8,131 NW 107th Ave,Miami,Port of Miami,FL,33172,131 NW 107th Ave,Miami,FL,33172,Container,Cancelled,BOS Cargo,AlexShipper,Walter Saldana,$1.00,$56.00,$15.00,$1.00,$508.00,LARH985846,20,Ft,,,,,Thermal,,0,Container,,1,0,0,0,2, , ,08/07/2017,06:59 AM EST,,,08/07/2017,12:59 PM EST,,,Beatrice Cohen,(649) 879-8950,Dean Walls,(294) 208-5603,How was the math test?
PO-1841,$1.00,07/07/2017,12:22 PM EST,9SWVHG8,901 S America Way,Miami,Port of Miami,FL,33132,9657 Grandrose Dr.,Palos Verdes Peninsula,CA,90274,Container,Cancelled,DMS Logistics Inc,AlexShipper,Andy Luis,$1.00,$43.00,$12.00,$1.00,$508.00,RHPS5066287,40,Ft,,,,,Tank,,0,Container,,1,9.6,8,40,2, , ,08/07/2017,06:59 AM EST,,,08/07/2017,12:59 PM EST,,,Sophie Sanders,(651) 293-5836,Chance Bryan,(140) 688-7946,I am happy to take your donation; any amount will be greatly appreciated.
PO-1842,$1.00,07/07/2017,12:22 PM EST,9SWVHG8,131 NW 107th Ave,Miami,Port of Miami,FL,33172,29 Foxrun Lane,Atwater,CA,95301,Container,Cancelled,ajs transport corp,AlexShipper,Hakki Ozdamar,$1.00,$57.00,$17.00,$1.00,$508.00,YSOY3664292,20,Ft,,,,,Car Carrier,,0,Container,,1,0,0,0,2, , ,08/07/2017,06:59 AM EST,,,08/07/2017,12:59 PM EST,,,Declan Maldonado,(898) 572-1944,Armando Patel,(734) 747-7189,The lake is a long way from here.
PO-1843,$1.00,07/07/2017,12:30 PM EST,MEO82SX,901 S America Way,Miami,Port of Miami,FL,33132,67 Creekside Ave.,Anaheim,CA,92806,Container,Paid,DMS Logistics Inc,AlexShipper,Walter Saldana,$1.00,$67.00,$18.00,$1.00,$897.00,FYEA1887041,40,Ft,,,,,Half Height,,0,Container,,1,9.6,8,40,2, , ,08/07/2017,06:59 AM EST,,,08/07/2017,12:59 PM EST,,,Matteo Miles,(854) 950-5414,Hailie Bush,(344) 953-6833,Don't step on the broken glass.
PO-1844,$1.00,07/07/2017,12:30 PM EST,MEO82SX,131 NW 107th Ave,Miami,Port of Miami,FL,33172,39 Bow Ridge St.,South El Monte,CA,91733,Container,Paid,DMS Logistics Inc,AlexShipper,Alexander Iuspa,$1.00,$57.00,$11.00,$1.00,$897.00,MMWK3740700,20,Ft,,,,,Dry,,0,Container,,1,9.6,8,40,2, , ,08/07/2017,06:59 AM EST,,,08/07/2017,12:59 PM EST,,,Nathalie Medina,(592) 115-5743,Alisson Boyer,(540) 768-4097,Lets all be unique together until we realise we are all the same.
PO-1846,$1.00,07/07/2017,12:30 PM EST,MEO82SX,901 S America Way,Miami,Port of Miami,FL,33132,7320 Winchester Rd.,Pomona,CA,91768,Container,Paid,DMS Logistics Inc,AlexShipper,Joe Wheller,$1.00,$51.00,$16.00,$1.00,$897.00,NSPB9644516,40,Ft,,,,,Flat Rack,,0,Container,,1,9.6,8,40,2, , ,08/07/2017,06:59 AM EST,,,08/07/2017,12:59 PM EST,,,Milo Greer,(281) 486-5855,Sydney Bright,(661) 320-8067,I hear that Nancy is very pretty.
PO-1847,$1.00,07/07/2017,12:30 PM EST,MEO82SX,4545 NW 37th Ave,Miami,Port of Miami,FL,33142,987 Arcadia St.,Ridgecrest,CA,93555,Container,Paid,BOS Cargo,AlexShipper,Walter Saldana,$1.00,$39.00,$20.00,$1.00,$897.00,CSLV109087,20,Ft,,,,,Open Top,,0,Container,,1,9.6,8,40,2, , ,08/07/2017,06:59 AM EST,,,08/07/2017,12:59 PM EST,,,Lorelei Small,(837) 691-8498,Jacob Morrow,(128) 695-2359,"We have never been to Asia, nor have we visited Africa."
PO-1849,$2.00,07/07/2017,12:32 PM EST,LHIF6QC,901 S America Way,Miami,Port of Miami,FL,33132,8262 Blackburn St.,Santa Monica,CA,90403,Container,Paid,DMS Logistics Inc,AlexShipper,Weymar Marenco,$2.00,$71.00,$17.00,$2.00,$784.00,AKHT1014314,40,Ft,,,,,Tunnel,,1,Container,,1,9.6,8,40,2, , ,08/07/2017,06:59 AM EST,,,08/07/2017,12:59 PM EST,,,Ellie Santos,(703) 495-1100,Sloane Jacobson,(630) 122-9017,This is a Japanese doll.
PO-1850,$2.00,07/07/2017,12:32 PM EST,LHIF6QC,131 NW 107th Ave,Miami,Port of Miami,FL,33172,29 Longfellow Street,Glendora,CA,91740,Container,Paid,"H&M Container Transport, Inc.",AlexShipper,Yuris Lopez,$2.00,$43.00,$10.00,$2.00,$784.00,XCPJ3701245,20,Ft,,,,,Side Open,,1,Container,,1,0,0,0,2, , ,08/07/2017,06:59 AM EST,,,08/07/2017,12:59 PM EST,,,Giselle Wilcox,(590) 380-3642,Marlon Nicholson,(584) 546-0702,The clock within this blog and the clock on my laptop are 1 hour different from each other.
PO-1851,$2.00,07/07/2017,12:33 PM EST,LHIF6QC,131 NW 107th Ave,Miami,Port of Miami,FL,33172,991 County Dr.,Rocklin,CA,95677,Container,Paid,DMS Logistics Inc,AlexShipper,Walter Saldana,$2.00,$30.00,$20.00,$2.00,$784.00,EXWS8796627,40,Ft,,,,,Refrigerated ISO,,1,Container,,1,0,0,0,2, , ,08/07/2017,06:59 AM EST,,,08/07/2017,12:59 PM EST,,,Gabrielle Herman,(836) 737-3966,Sophie Sanders,(817) 639-9401,"Should we start class now, or should we wait for everyone to get here?"
PO-1852,$2.00,07/07/2017,12:32 PM EST,LHIF6QC,901 S America Way,Miami,Port of Miami,FL,33132,341 Valley Farms St.,Atwater,CA,95301,Container,Paid,AlexCarrierBest,AlexShipper,Alexander Iuspa,$2.00,$54.00,$20.00,$2.00,$784.00,PQAW641876,20,Ft,,,,,Thermal,,0,Container,,1,9.6,8,40,2, , ,08/07/2017,06:59 AM EST,,,08/07/2017,12:59 PM EST,,,Zachary Frost,(866) 358-2561,Maria Bean,(767) 624-1622,"There were white out conditions in the town; subsequently, the roads were impassable."
PO-1853,$2.00,07/07/2017,12:31 PM EST,LHIF6QC,131 NW 107th Ave,Miami,Port of Miami,FL,33172,9254 Silver Spear Drive,Santa Monica,CA,90403,Container,Paid,Papo's Hauling Inc,AlexShipper,John Martinez,$2.00,$50.00,$16.00,$2.00,$784.00,WBHS8249108,40,Ft,,,,,Tank,,0,Container,,1,0,0,0,2, , ,08/07/2017,06:59 AM EST,,,08/07/2017,12:59 PM EST,,,Tristian Holmes,(622) 366-0781,Kiara Mcconnell,(913) 642-4548,"She did not cheat on the test, for it was not the right thing to do."
PO-1855,$1.00,07/07/2017,05:50 PM EST,XR3R23Q,131 NW 107th Ave,Miami,Port of Miami,FL,33172,52 West Fairway St.,Oxnard,CA,93035,Container,Paid,AlexCarrierBest,AlexShipper,Hiram Vazquez,$1.00,$40.00,$11.00,$1.00,$720.00,TYSY3741961,20,Ft,,,,,Car Carrier,,1,Container,,1,9.6,8,40,2, , ,08/07/2017,06:59 AM EST,,,08/07/2017,12:59 PM EST,,,Harley Cisneros,(969) 727-4137,Camron Mitchell,(783) 770-4148,When I was little I had a car door slammed shut on my hand. I still remember it quite vividly.
PO-1856,$1.00,07/07/2017,05:50 PM EST,XR3R23Q,132 NW 107th Ave,Miami,Port of Miami,FL,33172,574 Paris Hill Ave.,Rocklin,CA,95677,Container,Paid,DMS Logistics Inc,AlexShipper,John Martinez,$1.00,$48.00,$18.00,$1.00,$720.00,VRFY3420216,40,Ft,,,,,Half Height,,1,Container,,1,9.6,8,40,2, , ,08/07/2017,06:59 AM EST,,,08/07/2017,12:59 PM EST,,,Jase Bentley,(786) 567-7901,Zachary Frost,(330) 641-5395,"Cats are good pets, for they are clean and are not noisy."
PO-1857,$1.00,07/07/2017,05:50 PM EST,XR3R23Q,133 NW 107th Ave,Miami,Port of Miami,FL,33172,9657 Grandrose Dr.,Palos Verdes Peninsula,CA,90274,Container,Paid,DMS Logistics Inc,AlexShipper,Walter Saldana,$1.00,$33.00,$17.00,$1.00,$720.00,DYMN8919836,20,Ft,,,,,Dry,,1,Container,,1,0,0,0,2, , ,08/07/2017,06:59 AM EST,,,08/07/2017,12:59 PM EST,,,Azaria Robertson,(623) 394-9907,Tyree Vincent,(323) 145-1871,She borrowed the book from him many years ago and hasn't yet returned it.
PO-1858,$1.00,07/07/2017,05:50 PM EST,XR3R23Q,131 NW 107th Ave,Miami,Port of Miami,FL,33172,29 Foxrun Lane,Atwater,CA,95301,Container,Cancelled,Quickload,AlexShipper,Weymar Marenco,$1.00,$74.00,$10.00,$1.00,$720.00,ZLFZ1841268,40,Ft,,,,,Flat Rack,,0,Container,,1,9.6,8,40,2, , ,08/07/2017,06:59 AM EST,,,08/07/2017,12:59 PM EST,,,Leon Escobar,(395) 252-5053,Roderick Hawkins,(992) 708-4400,"Yeah, I think it's a good environment for learning English."
PO-1859,$1.00,07/07/2017,05:43 PM EST,XR3R23Q,3405 W Flagler St,Miami,Port of Miami,FL,33174,67 Creekside Ave.,Anaheim,CA,92806,Container,Cancelled,AlexCarrierBest,AlexShipper,Alexander Iuspa,$1.00,$63.00,$19.00,$1.00,$720.00,QFIY9238519,20,Ft,,,,,Open Top,,0,Container,,1,9.6,8,40,2, , ,08/07/2017,06:59 AM EST,,,08/07/2017,12:59 PM EST,,,Camron Mitchell,(903) 787-4022,Jude Mcintyre,(529) 877-5394,Christmas is coming.
PO-1860,$1.00,07/07/2017,05:50 PM EST,XR3R23Q,3406 W Flagler St,Miami,Port of Miami,FL,33174,39 Bow Ridge St.,South El Monte,CA,91733,Container,Cancelled,AlexCarrierBest,AlexShipper,Alexander Iuspa,$1.00,$37.00,$11.00,$1.00,$720.00,VVVU6802589,40,Ft,,,,,Tunnel,,0,Container,,1,0,0,0,2, , ,08/07/2017,06:59 AM EST,,,08/07/2017,12:59 PM EST,,,Savannah Hunt,(918) 388-4642,Eliza Guerrero,(987) 146-4100,She was too short to see over the fence.
PO-1759,$450.00,07/06/2017,04:22 PM EST,I5UABNH,2792 NW 24th St,Miami,Port of Miami,FL,33142,120 Atlantic Dr.,Fernandina Beach,FL,32034,Full,Cancelled,"Atlantic Good Service, Inc.",SUNGATE STONE LLC,Hakki Ozdamar,$450.00,$29.00,$11.00,$382.00,"$1,019.00",,,,,,,,,,0,Pallet,marble,18,60,48,40,1,"45,000",Lbs,12/06/2017,02:59 AM EST,,,12/06/2017,12:59 PM EST,,,Jordyn Acosta,(840) 352-8382,Cayden Mooney,(343) 235-7292,Make amends with someone you may have wronged
PO-1716,$300.00,07/02/2017,02:19 PM EST,G36HEV1,2792 NW 24th St,Miami,Port of Miami,FL,33142,716 Glen Creek Street,The Villages,FL,32162,Partial,Paid,AlexCarrierBest,Bos warehouse,Walter Saldana,$300.00,$71.00,$13.00,$300.00,$300.00,,,,,,,,,,1,Pallet,TILES/PAVERS,18,30,37,44,1,"43,902",Lbs,08/02/2017,03:29 AM EST,,,08/02/2017,07:59 AM EST,,,Lexi Ali,(257) 495-8138,Areli Higgins,(889) 133-6824,Offer to help your neighbours/friends with chores
PO-1717,$300.00,07/02/2017,02:21 PM EST,TJN92QJ,2792 NW 24th St,Miami,Port of Miami,FL,33142,242 E. Green Hill Street,Bonita Springs,FL,34135,Partial,Paid,BOS Cargo,Bos warehouse,Walter Saldana,$300.00,$58.00,$16.00,$300.00,$300.00,,,,,,,,,,1,Pallet,TILES/PAVERS,18,30,37,44,1,"44,056",Lbs,08/02/2017,03:59 AM EST,,,08/02/2017,07:59 AM EST,,,Juliet Norris,(438) 536-9516,Marquise Wolf,(306) 519-4531,Volunteer your time for a good cause
PO-1832,$1.00,06/07/2017,08:56 AM EST,RT95BMU,3337 FL-84,Davie,,FL,33324,3337 FL-84,Davie,FL,33324,Container,Cancelled,"Atlantic Good Service, Inc.",AlexShipper,Oscar Ortiz,$1.00,$74.00,$11.00,$1.00,$629.00,CRKT4389478,20,Ft,,,,,Side Open,,0,4,,1,0,0,0,2, , ,06/07/2017,02:59 AM EST,,,06/07/2017,06:59 AM EST,,,Clinton Robbins,(744) 869-8872,Draven Freeman,(933) 889-8942,She always speaks to him in a loud voice.
PO-1834,$1.00,06/07/2017,08:55 AM EST,RT95BMU,3337 FL-84,Davie,,FL,33324,3337 FL-84,Davie,FL,33324,Container,Cancelled,DMS Logistics Inc,AlexShipper,Walter Saldana,$1.00,$32.00,$19.00,$1.00,$629.00,VRWB9784659,40,Ft,,,,,Refrigerated ISO,,0,4,,1,0,0,0,2, , ,06/07/2017,02:59 AM EST,,,06/07/2017,06:59 AM EST,,,Jaida Clark,(379) 216-6194,Donte Olson,(457) 572-8411,We have a lot of rain in June.
PO-1835,$285.00,06/07/2017,09:08 AM EST,UOE1QPX,1850 Eller Dr,Fort Lauderdale,Port Everglades,FL,33316,1850 Eller Dr,Fort Lauderdale,FL,33316,Container,Paid,BOS Cargo,BARSAN Global Logistics,Alexander Iuspa,$285.00,$64.00,$13.00,$242.00,$645.00,QEPQ8630671,20,Ft,,,,,Thermal,,0,Container,,1,9.6,8,20,2, , ,06/07/2017,02:59 AM EST,,,06/07/2017,12:59 PM EST,,,Piper Blankenship,(309) 722-3505,Byron Gillespie,(964) 288-8567,I am never at home on Sundays.
PO-1837,$285.00,06/07/2017,09:06 AM EST,UOE1QPX,1850 Eller Dr,Fort Lauderdale,Port Everglades,FL,33316,1850 Eller Dr,Fort Lauderdale,FL,33316,Container,Paid,"H&M Container Transport, Inc.",BARSAN Global Logistics,Weymar Marenco,$285.00,$56.00,$19.00,$242.00,$645.00,LDJE5314151,40,Ft,,,,,Tank,,0,Container,,1,9.6,8,20,2, , ,06/07/2017,02:59 AM EST,,,06/07/2017,12:59 PM EST,,,Shea Atkinson,(227) 383-1183,Demarion Harding,(448) 930-0898,She only paints with bold colors; she does not like pastels.
PO-1831,$1.00,06/07/2017,08:56 AM EST,RT95BMU,131 NW 107th Ave,Miami,Port of Miami,FL,33172,131 NW 107th Ave,Miami,FL,33172,Container,Cancelled,Sam Isa Transport Express Corp,AlexShipper,Walter Saldana,$1.00,$68.00,$15.00,$1.00,$629.00,FCBY9758631,20,Ft,,,,,Car Carrier,,0,4,,1,9.6,8,20,2, , ,06/07/2017,02:59 AM EST,,,06/07/2017,06:59 AM EST,,,Marcelo Gay,(807) 782-6117,Lorenzo Mills,(541) 527-1286,Check back tomorrow; I will see if the book has arrived.
PO-1833,$1.00,06/07/2017,08:56 AM EST,RT95BMU,131 NW 107th Ave,Miami,Port of Miami,FL,33172,131 NW 107th Ave,Miami,FL,33172,Container,Cancelled,DMS Logistics Inc,AlexShipper,Joseph BOS,$1.00,$30.00,$12.00,$1.00,$629.00,CKAN326182,40,Ft,,,,,Half Height,,0,4,,1,9.6,8,20,2, , ,06/07/2017,02:59 AM EST,,,06/07/2017,06:59 AM EST,,,Maximus Reese,(704) 589-6224,Rhianna Hanson,(111) 585-7560,I love eating toasted cheese and tuna sandwiches.
PO-1836,$285.00,06/07/2017,09:08 AM EST,UOE1QPX,5501 NW 72nd Ave,Miami,Port of Miami,FL,33166,5501 NW 72nd Ave,Miami,FL,33166,Container,Paid,xyz trucking,BARSAN Global Logistics,Walter Saldana,$285.00,$50.00,$19.00,$242.00,$645.00,AHRS2872792,20,Ft,,,,,Dry,,0,Container,,1,0,0,0,2, , ,06/07/2017,02:59 AM EST,,,06/07/2017,12:59 PM EST,,,Natalee Craig,(252) 346-1365,Milo Greer,(133) 352-2554,Tom got a small piece of pie.
PO-1838,$285.00,06/07/2017,09:08 AM EST,UOE1QPX,5501 NW 72nd Ave,Miami,Port of Miami,FL,33166,5501 NW 72nd Ave,Miami,FL,33166,Container,Paid,DMS Logistics Inc,BARSAN Global Logistics,Walter Saldana,$285.00,$53.00,$18.00,$242.00,$645.00,JTGA5654510,40,Ft,,,,,Flat Rack,,0,Container,,1,0,0,0,2, , ,06/07/2017,02:59 AM EST,,,06/07/2017,12:59 PM EST,,,Violet Reed,(630) 608-2993,Paulina Whitaker,(893) 430-1227,Last Friday in three week’s time I saw a spotted striped blue worm shake hands with a legless lizard.
PO-1800,$725.00,05/07/2017,12:10 PM EST,AJ72PU7,124 S W Heard St,Arcadia,,FL,34266,124 S W Heard St,Arcadia,FL,34266,Container,Cancelled,AlexCarrierBest,Olympia Logistics & Services Inc.,Hiram Vazquez,$725.00,$72.00,$10.00,$616.00,"$25,013.00",EBQK4375987,20,Ft,,,,,Open Top,,0,Container,,1,0,0,0,2, , ,07/07/2017,02:29 AM EST,,,07/07/2017,03:59 AM EST,,,Caitlin Woods,(991) 241-9529,Andrea Mueller,(729) 426-9599,Hurry!
PO-1802,$725.00,05/07/2017,12:10 PM EST,AJ72PU7,124 S W Heard St,Arcadia,,FL,34266,124 S W Heard St,Arcadia,FL,34266,Container,Cancelled,AlexCarrierBest,Olympia Logistics & Services Inc.,Alexander Iuspa,$725.00,$66.00,$19.00,$616.00,"$25,013.00",OMJJ4614497,40,Ft,,,,,Tunnel,,0,Container,,1,0,0,0,2, , ,07/07/2017,02:29 AM EST,,,07/07/2017,04:29 AM EST,,,Demarcus Reilly,(137) 506-3649,Leon Escobar,(833) 223-0890,"He turned in the research paper on Friday; otherwise, he would have not passed the class."
PO-1804,$725.00,05/07/2017,12:10 PM EST,AJ72PU7,124 S W Heard St,Arcadia,,FL,34266,124 S W Heard St,Arcadia,FL,34266,Container,Cancelled,DMS Logistics Inc,Olympia Logistics & Services Inc.,Walter Saldana,$725.00,$43.00,$11.00,$616.00,"$25,013.00",HNXH888980,20,Ft,,,,,Side Open,,0,Container,,1,0,0,0,2, , ,07/07/2017,02:29 AM EST,,,07/07/2017,04:59 AM EST,,,Jaime Pittman,(833) 846-6712,Kristina Allison,(718) 675-1074,This is the last random sentence I will be writing and I am going to stop mid-sent
PO-1806,$725.00,05/07/2017,12:10 PM EST,AJ72PU7,124 S W Heard St,Arcadia,,FL,34266,124 S W Heard St,Arcadia,FL,34266,Container,Cancelled,AlexCarrierBest,Olympia Logistics & Services Inc.,Walter Saldana,$725.00,$57.00,$17.00,$616.00,"$25,013.00",UTSL8808526,40,Ft,,,,,Refrigerated ISO,,0,Container,,1,0,0,0,2, , ,07/07/2017,02:29 AM EST,,,07/07/2017,05:29 AM EST,,,Prince Reynolds,(447) 382-9135,Erika Prince,(908) 424-3825,A purple pig and a green donkey flew a kite in the middle of the night and ended up sunburnt.
PO-1808,$725.00,05/07/2017,12:10 PM EST,AJ72PU7,124 S W Heard St,Arcadia,,FL,34266,124 S W Heard St,Arcadia,FL,34266,Container,Cancelled,DMS Logistics Inc,Olympia Logistics & Services Inc.,Walter Saldana,$725.00,$37.00,$16.00,$616.00,"$25,013.00",FIWL8402133,20,Ft,,,,,Thermal,,0,Container,,1,0,0,0,2, , ,07/07/2017,02:29 AM EST,,,07/07/2017,05:59 AM EST,,,River Roth,(544) 677-0437,Hadley Wang,(859) 844-1523,I often see the time 11:11 or 12:34 on clocks.
PO-1810,$725.00,05/07/2017,12:10 PM EST,AJ72PU7,124 S W Heard St,Arcadia,,FL,34266,124 S W Heard St,Arcadia,FL,34266,Container,Cancelled,AlexCarrierBest,Olympia Logistics & Services Inc.,Alexander Iuspa,$725.00,$68.00,$20.00,$616.00,"$25,013.00",DALY6448562,40,Ft,,,,,Tank,,0,Container,,1,0,0,0,2, , ,07/07/2017,02:29 AM EST,,,07/07/2017,06:29 AM EST,,,Jimmy Mccormick,(657) 891-8874,Kelsey Schwartz,(919) 811-9805,"He didn’t want to go to the dentist, yet he went anyway."
PO-1812,$725.00,05/07/2017,12:10 PM EST,AJ72PU7,124 S W Heard St,Arcadia,,FL,34266,124 S W Heard St,Arcadia,FL,34266,Container,Cancelled,DMS Logistics Inc,Olympia Logistics & Services Inc.,Jose Hernandez,$725.00,$27.00,$10.00,$616.00,"$25,013.00",DPTJ6193661,20,Ft,,,,,Car Carrier,,0,Container,,1,0,0,0,2, , ,07/07/2017,02:29 AM EST,,,07/07/2017,07:59 AM EST,,,Cedric Durham,(785) 622-5538,Summer Barajas,(868) 921-8458,I checked to make sure that he was still alive.
PO-1814,$725.00,05/07/2017,12:10 PM EST,AJ72PU7,124 S W Heard St,Arcadia,,FL,34266,124 S W Heard St,Arcadia,FL,34266,Container,Cancelled,DMS Logistics Inc,Olympia Logistics & Services Inc.,Walter Saldana,$725.00,$59.00,$14.00,$616.00,"$25,013.00",ZXUD2785540,40,Ft,,,,,Half Height,,0,Container,,1,0,0,0,2, , ,07/07/2017,02:29 AM EST,,,07/07/2017,06:59 AM EST,,,Jamarion Lynn,(774) 777-9468,Myles Garrett,(557) 561-7179,"Wow, does that work?"
PO-1816,$725.00,05/07/2017,12:10 PM EST,AJ72PU7,124 S W Heard St,Arcadia,,FL,34266,124 S W Heard St,Arcadia,FL,34266,Container,Cancelled,BOS Cargo,Olympia Logistics & Services Inc.,Joe Wheller,$725.00,$44.00,$15.00,$616.00,"$25,013.00",DDDP772124,20,Ft,,,,,Dry,,0,Container,,1,0,0,0,2, , ,07/07/2017,02:29 AM EST,,,07/07/2017,06:59 AM EST,,,Erika Prince,(225) 193-8030,Isla Shepherd,(234) 748-4479,Abstraction is often one floor above you.
PO-1818,$725.00,05/07/2017,12:09 PM EST,AJ72PU7,124 S W Heard St,Arcadia,,FL,34266,124 S W Heard St,Arcadia,FL,34266,Container,Cancelled,DMS Logistics Inc,Olympia Logistics & Services Inc.,Joe Wheller,$725.00,$59.00,$19.00,$616.00,"$25,013.00",TFWD946124,40,Ft,,,,,Flat Rack,,0,Container,,1,0,0,0,2, , ,07/07/2017,02:29 AM EST,,,07/07/2017,06:59 AM EST,,,Alisa Maynard,(971) 657-8645,Hope Rubio,(741) 981-9204,"He turned in the research paper on Friday; otherwise, he would have not passed the class."
PO-1820,$725.00,05/07/2017,12:10 PM EST,AJ72PU7,124 S W Heard St,Arcadia,,FL,34266,124 S W Heard St,Arcadia,FL,34266,Container,Cancelled,DMS Logistics Inc,Olympia Logistics & Services Inc.,Walter Saldana,$725.00,$47.00,$18.00,$616.00,"$25,013.00",QLNP1333161,20,Ft,,,,,Open Top,,0,Container,,1,0,0,0,2, , ,10/07/2017,02:29 AM EST,,,10/07/2017,06:59 AM EST,,,Mireya Hall,(500) 523-0449,Kayla Boyle,(378) 243-2203,This is the last random sentence I will be writing and I am going to stop mid-sent
PO-1822,$725.00,05/07/2017,12:10 PM EST,AJ72PU7,124 S W Heard St,Arcadia,,FL,34266,124 S W Heard St,Arcadia,FL,34266,Container,Cancelled,Trust Transport LLC,Olympia Logistics & Services Inc.,Hiram Vazquez,$725.00,$33.00,$15.00,$616.00,"$25,013.00",CKRD7271471,20,Ft,,,,,Tunnel,,0,Container,,1,0,0,0,2, , ,10/07/2017,02:29 AM EST,,,10/07/2017,06:59 AM EST,,,Jamie Klein,(455) 623-9415,Branden Hinton,(928) 896-6691,A purple pig and a green donkey flew a kite in the middle of the night and ended up sunburnt.
PO-1824,$725.00,05/07/2017,12:10 PM EST,AJ72PU7,124 S W Heard St,Arcadia,,FL,34266,124 S W Heard St,Arcadia,FL,34266,Container,Cancelled,BOS Cargo,Olympia Logistics & Services Inc.,Joe Wheller,$725.00,$74.00,$10.00,$616.00,"$25,013.00",QRYI6920537,40,Ft,,,,,Side Open,,0,Container,,1,0,0,0,2, , ,10/07/2017,02:29 AM EST,,,10/07/2017,06:59 AM EST,,,Rhianna Hanson,(608) 388-3686,Landin Ramos,(743) 878-6484,I often see the time 11:11 or 12:34 on clocks.
PO-1826,$725.00,05/07/2017,12:10 PM EST,AJ72PU7,124 S W Heard St,Arcadia,,FL,34266,124 S W Heard St,Arcadia,FL,34266,Container,Cancelled,DMS Logistics Inc,Olympia Logistics & Services Inc.,Alexander Iuspa,$725.00,$70.00,$19.00,$616.00,"$25,013.00",GWPY8513782,20,Ft,,,,,Refrigerated ISO,,0,Container,,1,0,0,0,2, , ,10/07/2017,02:29 AM EST,,,10/07/2017,06:59 AM EST,,,Shyann Bird,(813) 455-9607,Weston Fuller,(749) 666-9149,"He didn’t want to go to the dentist, yet he went anyway."
PO-1828,$725.00,05/07/2017,12:10 PM EST,AJ72PU7,124 S W Heard St,Arcadia,,FL,34266,124 S W Heard St,Arcadia,FL,34266,Container,Cancelled,AlexCarrierBest,Olympia Logistics & Services Inc.,Jose Hernandez,$725.00,$32.00,$14.00,$616.00,"$25,013.00",YRTO1064143,40,Ft,,,,,Thermal,,0,Container,,1,0,0,0,2, , ,10/07/2017,02:29 AM EST,,,10/07/2017,06:59 AM EST,,,Jovani Brown,(566) 271-3235,Kaylah Mckay,(135) 308-9276,I checked to make sure that he was still alive.
PO-1830,$725.00,05/07/2017,12:11 PM EST,AJ72PU7,124 S W Heard St,Arcadia,,FL,34266,124 S W Heard St,Arcadia,FL,34266,Container,Cancelled,National Drayage Services LLC,Olympia Logistics & Services Inc.,Walter Saldana,$725.00,$36.00,$18.00,$616.00,"$25,013.00",JMWT5661102,20,Ft,,,,,Tank,,0,Container,,1,0,0,0,2, , ,10/07/2017,02:29 AM EST,,,10/07/2017,06:59 AM EST,,,Danna Campbell,(546) 640-2270,Azaria Robertson,(749) 134-7548,"Wow, does that work?"
PO-1799,$725.00,05/07/2017,12:10 PM EST,AJ72PU7,1800 SE 18th St,Fort Lauderdale,Port Everglades,FL,33316,1800 SE 18th St,Fort Lauderdale,FL,33316,Container,Cancelled,AlexCarrierBest,Olympia Logistics & Services Inc.,Hiram Vazquez,$725.00,$29.00,$14.00,$616.00,"$25,013.00",ISCY4014804,40,Ft,,,,,Car Carrier,,0,Container,,1,9.6,8,20,2, , ,07/07/2017,02:29 AM EST,,,07/07/2017,03:59 AM EST,,,Corey Mckee,(644) 547-2216,Yasmin Torres,(133) 318-6048,If the Easter Bunny and the Tooth Fairy had babies would they take your teeth and leave chocolate for you?
PO-1801,$725.00,05/07/2017,12:10 PM EST,AJ72PU7,1800 SE 18th St,Fort Lauderdale,Port Everglades,FL,33316,1800 SE 18th St,Fort Lauderdale,FL,33316,Container,Cancelled,DMS Logistics Inc,Olympia Logistics & Services Inc.,Weymar Marenco,$725.00,$48.00,$19.00,$616.00,"$25,013.00",BCSU1651043,20,Ft,,,,,Half Height,,0,Container,,1,9.6,8,20,2, , ,07/07/2017,02:29 AM EST,,,07/07/2017,04:29 AM EST,,,Lina Fitzpatrick,(544) 246-0152,Thaddeus Travis,(197) 252-6177,She folded her handkerchief neatly.
PO-1803,$725.00,05/07/2017,12:10 PM EST,AJ72PU7,1800 SE 18th St,Fort Lauderdale,Port Everglades,FL,33316,1800 SE 18th St,Fort Lauderdale,FL,33316,Container,Cancelled,Vanyoska Transport Inc.,Olympia Logistics & Services Inc.,Weymar Marenco,$725.00,$68.00,$17.00,$616.00,"$25,013.00",CDTE1434244,40,Ft,,,,,Dry,,0,Container,,1,9.6,8,20,2, , ,07/07/2017,02:29 AM EST,,,07/07/2017,04:59 AM EST,,,Kierra Gould,(152) 179-1879,Rylie Soto,(452) 499-0130,A song can make or ruin a person’s day if they let it get to them.
PO-1805,$725.00,05/07/2017,12:10 PM EST,AJ72PU7,1800 SE 18th St,Fort Lauderdale,Port Everglades,FL,33316,1800 SE 18th St,Fort Lauderdale,FL,33316,Container,Cancelled,Troy Transport LLC,Olympia Logistics & Services Inc.,John Martinez,$725.00,$33.00,$11.00,$616.00,"$25,013.00",NGRY7607805,20,Ft,,,,,Flat Rack,,0,Container,,1,9.6,8,20,2, , ,07/07/2017,02:29 AM EST,,,07/07/2017,05:29 AM EST,,,Aron Arias,(777) 596-1394,Ellen Navarro,(855) 880-8492,Two seats were vacant.
PO-1807,$725.00,05/07/2017,12:10 PM EST,AJ72PU7,1800 SE 18th St,Fort Lauderdale,Port Everglades,FL,33316,1800 SE 18th St,Fort Lauderdale,FL,33316,Container,Cancelled,Papo's Hauling Inc,Olympia Logistics & Services Inc.,Joe Wheller,$725.00,$50.00,$13.00,$616.00,"$25,013.00",YYOQ4609188,40,Ft,,,,,Open Top,,0,Container,,1,9.6,8,20,2, , ,07/07/2017,02:29 AM EST,,,07/07/2017,05:59 AM EST,,,Brendan Beard,(453) 935-7772,Lia Chung,(735) 919-8935,Please wait outside of the house.
PO-1809,$725.00,05/07/2017,12:09 PM EST,AJ72PU7,1800 SE 18th St,Fort Lauderdale,Port Everglades,FL,33316,1800 SE 18th St,Fort Lauderdale,FL,33316,Container,Cancelled,xyz trucking,Olympia Logistics & Services Inc.,Walter Saldana,$725.00,$54.00,$18.00,$616.00,"$25,013.00",CFRW6960109,20,Ft,,,,,Tunnel,,0,Container,,1,9.6,8,20,2, , ,07/07/2017,02:29 AM EST,,,07/07/2017,06:29 AM EST,,,Aditya Hammond,(992) 249-1868,Frida Davies,(700) 392-2306,Mary plays the piano.
PO-1811,$725.00,05/07/2017,12:10 PM EST,AJ72PU7,1800 SE 18th St,Fort Lauderdale,Port Everglades,FL,33316,1800 SE 18th St,Fort Lauderdale,FL,33316,Container,Cancelled,Trust Transport LLC,Olympia Logistics & Services Inc.,Alexander Iuspa,$725.00,$28.00,$15.00,$616.00,"$25,013.00",WOZT8679688,40,Ft,,,,,Side Open,,0,Container,,1,9.6,8,20,2, , ,07/07/2017,02:29 AM EST,,,07/07/2017,07:59 AM EST,,,Issac Galvan,(712) 856-2611,Julianne Garrison,(188) 572-8118,Is it free?
PO-1813,$725.00,05/07/2017,12:10 PM EST,AJ72PU7,1800 SE 18th St,Fort Lauderdale,Port Everglades,FL,33316,1800 SE 18th St,Fort Lauderdale,FL,33316,Container,Cancelled,BOS Cargo,Olympia Logistics & Services Inc.,Yusmany Felipe,$725.00,$71.00,$16.00,$616.00,"$25,013.00",CSTA8399837,20,Ft,,,,,Refrigerated ISO,,0,Container,,1,9.6,8,20,2, , ,07/07/2017,02:29 AM EST,,,07/07/2017,06:59 AM EST,,,Anabel Dominguez,(552) 406-3404,Trent Franco,(589) 371-5820,The old apple revels in its authority.
PO-1815,$725.00,05/07/2017,12:10 PM EST,AJ72PU7,1800 SE 18th St,Fort Lauderdale,Port Everglades,FL,33316,1800 SE 18th St,Fort Lauderdale,FL,33316,Container,Cancelled,AlexCarrierBest,Olympia Logistics & Services Inc.,HM HM,$725.00,$27.00,$15.00,$616.00,"$25,013.00",QDME8341131,40,Ft,,,,,Thermal,,0,Container,,1,9.6,8,20,2, , ,07/07/2017,02:29 AM EST,,,07/07/2017,06:59 AM EST,,,Yadiel Silva,(625) 941-4147,Dalton Mullins,(835) 650-9498,"Wednesday is hump day, but has anyone asked the camel if he’s happy about it?"
PO-1817,$725.00,05/07/2017,12:10 PM EST,AJ72PU7,1800 SE 18th St,Fort Lauderdale,Port Everglades,FL,33316,1800 SE 18th St,Fort Lauderdale,FL,33316,Container,Cancelled,Vito Transport Inc.,Olympia Logistics & Services Inc.,Walter Saldana,$725.00,$44.00,$19.00,$616.00,"$25,013.00",MQYQ9567146,20,Ft,,,,,Tank,,0,Container,,1,9.6,8,20,2, , ,07/07/2017,02:29 AM EST,,,07/07/2017,06:59 AM EST,,,Teresa Leach,(601) 534-5366,Jax Lawson,(358) 767-6244,She folded her handkerchief neatly.
PO-1819,$725.00,05/07/2017,12:10 PM EST,AJ72PU7,1800 SE 18th St,Fort Lauderdale,Port Everglades,FL,33316,1800 SE 18th St,Fort Lauderdale,FL,33316,Container,Cancelled,AlexCarrierBest,Olympia Logistics & Services Inc.,Alexander Iuspa,$725.00,$32.00,$17.00,$616.00,"$25,013.00",YMFZ4035805,40,Ft,,,,,Car Carrier,,0,Container,,1,9.6,8,20,2, , ,10/07/2017,02:29 AM EST,,,10/07/2017,06:59 AM EST,,,Dean Walls,(616) 695-3361,Lorelei Small,(379) 963-6273,A song can make or ruin a person’s day if they let it get to them.
PO-1821,$725.00,05/07/2017,12:10 PM EST,AJ72PU7,1800 SE 18th St,Fort Lauderdale,Port Everglades,FL,33316,1800 SE 18th St,Fort Lauderdale,FL,33316,Container,Cancelled,AlexCarrierBest,Olympia Logistics & Services Inc.,Joe Wheller,$725.00,$42.00,$18.00,$616.00,"$25,013.00",ELZD2000365,20,Ft,,,,,Half Height,,0,Container,,1,9.6,8,20,2, , ,10/07/2017,02:29 AM EST,,,10/07/2017,06:59 AM EST,,,Caitlyn Marsh,(647) 544-9449,Genesis Park,(555) 204-0792,Two seats were vacant.
PO-1823,$725.00,05/07/2017,12:10 PM EST,AJ72PU7,1800 SE 18th St,Fort Lauderdale,Port Everglades,FL,33316,1800 SE 18th St,Fort Lauderdale,FL,33316,Container,Cancelled,AlexCarrierBest,Olympia Logistics & Services Inc.,Weymar Marenco,$725.00,$60.00,$13.00,$616.00,"$25,013.00",SARL2413367,40,Ft,,,,,Dry,,0,Container,,1,9.6,8,20,2, , ,10/07/2017,02:29 AM EST,,,10/07/2017,06:59 AM EST,,,Melissa Dougherty,(679) 107-6285,Winston Wall,(475) 985-1402,Please wait outside of the house.
PO-1825,$725.00,05/07/2017,12:10 PM EST,AJ72PU7,1800 SE 18th St,Fort Lauderdale,Port Everglades,FL,33316,1800 SE 18th St,Fort Lauderdale,FL,33316,Container,Cancelled,RAMBLAS FREIGHT CARGO INC,Olympia Logistics & Services Inc.,Luis Enrique Molina,$725.00,$59.00,$14.00,$616.00,"$25,013.00",QMGK3596144,20,Ft,,,,,Flat Rack,,0,Container,,1,9.6,8,20,2, , ,10/07/2017,02:29 AM EST,,,10/07/2017,06:59 AM EST,,,Vance Rosales,(322) 780-3984,Gabriel Donaldson,(561) 874-6617,Mary plays the piano.
PO-1827,$725.00,05/07/2017,12:10 PM EST,AJ72PU7,1800 SE 18th St,Fort Lauderdale,Port Everglades,FL,33316,1800 SE 18th St,Fort Lauderdale,FL,33316,Container,Cancelled,DMS Logistics Inc,Olympia Logistics & Services Inc.,Aly Mahmoud,$725.00,$28.00,$20.00,$616.00,"$25,013.00",SSSG4110584,40,Ft,,,,,Open Top,,0,Container,,1,9.6,8,20,2, , ,10/07/2017,02:29 AM EST,,,10/07/2017,06:59 AM EST,,,Roderick Hawkins,(134) 699-0679,Haylee Schaefer,(142) 290-8604,Is it free?
PO-1829,$725.00,05/07/2017,12:10 PM EST,AJ72PU7,1800 SE 18th St,Fort Lauderdale,Port Everglades,FL,33316,1800 SE 18th St,Fort Lauderdale,FL,33316,Container,Cancelled,AlexCarrierBest,Olympia Logistics & Services Inc.,Walter Saldana,$725.00,$52.00,$14.00,$616.00,"$25,013.00",ISBO5158999,20,Ft,,,,,Tunnel,,0,Container,,1,9.6,8,20,2, , ,10/07/2017,02:29 AM EST,,,10/07/2017,06:59 AM EST,,,Yuliana Santiago,(381) 254-0544,Nancy Morrison,(452) 694-3807,The old apple revels in its authority.
PO-1881,$568.00,03/10/2017,11:04 AM EST,JSE91MC,2792 NW 24th St,Miami,Port of Miami,FL,33142,8600 W. Spring Court,Ashburn,VA,20147,Partial,In Progress,AlexCarrierBest,BOS Global LLC,Alexander Iuspa,$568.00,$30.00,$16.00,$483.00,$568.00,,,,,,,,,,0,Pallet,Flooring,1,60,48,40,1,400,Lbs,03/10/2017,02:59 AM EST,,,03/10/2017,12:59 PM EST,,,Rylie Soto,(175) 577-3178,Marcelo Paiva,(233) 187-5520,Good servicing requires a lot of effort; tip them!
PO-1868,"$2,826.70",02/08/2017,10:55 AM EST,XV9NW88,2792 NW 24th St,Miami,Port of Miami,FL,33142,341 Valley Farms St.,Atwater,CA,95301,Full,Completed,Trust Transport LLC,BOS Global LLC,Walter Saldana,"$5,653.70",$34.00,$13.00,"$4,860.70","$2,826.70",,,,,,,,,,0,Pallet,Energy Drinks,24,,,,1,"39,000",Lbs,03/08/2017,03:59 AM EST,,,03/08/2017,06:59 AM EST,,,Alena Leon,(502) 690-5262,Meadow Carr,(589) 454-5228,Save your family some time and buy their groceries
PO-1794,$1.00,01/07/2017,10:38 AM EST,NDH0SM9,3337 FL-84,Davie,,FL,33324,3337 FL-84,Davie,FL,33324,Container,Cancelled,BOS Cargo,AlexShipper,Alexander Iuspa,$1.00,$31.00,$13.00,$1.00,"$1,840.00",NEKM4344156,40,Ft,,,,,Side Open,,0,Container,,1,0,0,0,2, , ,02/07/2017,02:59 AM EST,,,02/07/2017,06:59 AM EST,,,Phillip Mcgrath,(886) 249-5289,Lainey Shields,(309) 699-7359,"She wrote him a long letter, but he didn't read it."
PO-1797,$5.00,01/07/2017,10:38 AM EST,NDH0SM9,3337 FL-84,Davie,,FL,33324,3337 FL-84,Davie,FL,33324,Container,Cancelled,DMS Logistics Inc,AlexShipper,Weymar Marenco,$5.00,$66.00,$10.00,$4.00,"$1,840.00",EPER7898902,20,Ft,,,,,Refrigerated ISO,,0,Container,,1,0,0,0,2, , ,02/07/2017,02:59 AM EST,,,02/07/2017,06:59 AM EST,,,Rayne Rivas,(705) 328-7164,Abagail Morse,(159) 693-5035,Someone I know recently combined Maple Syrup & buttered Popcorn thinking it would taste like caramel popcorn. It didn’t and they don’t recommend anyone else do it either.
PO-1793,$1.00,01/07/2017,10:38 AM EST,NDH0SM9,131 NW 107th Ave,Miami,Port of Miami,FL,33172,131 NW 107th Ave,Miami,FL,33172,Container,Cancelled,AlexCarrierBest,AlexShipper,Yusmany Felipe,$1.00,$63.00,$10.00,$1.00,"$1,840.00",ZPMZ2245952,40,Ft,,,,,Thermal,,0,Container,,1,9.6,8,20,2, , ,02/07/2017,02:59 AM EST,,,02/07/2017,06:59 AM EST,,,Roberto Sherman,(832) 499-6758,Elise Houston,(100) 797-9227,The memory we used to share is no longer coherent.
PO-1795,$1.00,01/07/2017,10:38 AM EST,NDH0SM9,131 NW 107th Ave,Miami,Port of Miami,FL,33172,131 NW 107th Ave,Miami,FL,33172,Container,Cancelled,BOS Cargo,AlexShipper,Walter Saldana,$1.00,$66.00,$16.00,$1.00,"$1,840.00",AAFN482044,20,Ft,,,,,Tank,,0,Container,,1,0,0,0,2, , ,02/07/2017,02:59 AM EST,,,02/07/2017,06:59 AM EST,,,Turner Martin,(399) 222-7740,Joe Ellison,(880) 426-5536,"He said he was not there yesterday; however, many people saw him there."
PO-1796,$5.00,01/07/2017,10:38 AM EST,NDH0SM9,131 NW 107th Ave,Miami,Port of Miami,FL,33172,131 NW 107th Ave,Miami,FL,33172,Container,Cancelled,DMS Logistics Inc,AlexShipper,Oscar Ortiz,$5.00,$33.00,$19.00,$4.00,"$1,840.00",WIWA2993824,40,Ft,,,,,Car Carrier,,0,Container,,1,9.6,8,20,2, , ,02/07/2017,02:59 AM EST,,,02/07/2017,06:59 AM EST,,,Morgan Esparza,(769) 492-0849,Savannah Hunt,(104) 554-6639,Sixty-Four comes asking for bread.
PO-1798,$5.00,01/07/2017,10:38 AM EST,NDH0SM9,3405 W Flagler St,Miami,Port of Miami,FL,33174,3405 W Flagler St,Miami,FL,33174,Container,Cancelled,AlexCarrierBest,AlexShipper,John Martinez,$5.00,$35.00,$19.00,$4.00,"$1,840.00",BGQG8427940,20,Ft,,,,,Half Height,,0,Container,,1,0,0,0,2, , ,02/07/2017,02:59 AM EST,,,02/07/2017,06:59 AM EST,,,Reese Calderon,(680) 347-0657,Uriah Knapp,(241) 251-4600,Joe made the sugar cookies; Susan decorated them.
PO-1736,$330.00,01/03/2017,03:39 PM EST,H4LRS6B,2792 NW 24th St,Miami,Port of Miami,FL,33142,81 Atlantic Ave.,Cocoa,FL,32927,Partial,Completed,DMS Logistics Inc,SUNGATE STONE LLC,Alexander Iuspa,$330.00,$38.00,$12.00,$280.50,$330.00,,,,,,,,,,0,Pallet,,16,60,48,40,1,"44,736",Lbs,02/03/2017,03:59 AM EST,,,02/03/2017,06:29 AM EST,,,Seth Patrick,(766) 432-1486,Maia Terrell,(372) 606-1728,Recycle 3 things today
PO-1737,$75.00,01/03/2017,03:46 PM EST,8UTO8BT,2792 NW 24th St,Miami,Port of Miami,FL,33142,45 N. Market St.,Oviedo,FL,32765,Partial,Completed,DMS Logistics Inc,Polymersan LLC,Joe Wheller,$75.00,$69.00,$11.00,$63.75,$75.00,,,,,,,,,,0,Pallet,,1,10,48,120,1,"1,200",Lbs,02/03/2017,03:59 AM EST,,,02/03/2017,04:59 AM EST,,,Angelina Ponce,(807) 751-1003,Levi Estrada,(790) 798-4562,Lend a friend a book you think they’d like
PO-1738,$25.00,01/03/2017,03:52 PM EST,TBEIAO2,2792 NW 24th St,Miami,Port of Miami,FL,33142,750 Ridge Court,Lady Lake,FL,32159,Partial,Completed,DMS Logistics Inc,Polymersan LLC,Walter Saldana,$25.00,$38.00,$15.00,$21.25,$25.00,,,,,,,,,,0,Pallet,,1,0,0,0,1,600,Lbs,02/03/2017,05:59 AM EST,,,02/03/2017,06:29 AM EST,,,Evan Jarvis,(579) 847-2947,Tara Benitez,(705) 718-9193,Feeling brave? Give blood